pid,season,position,gp,war_indiv
8474628,2021,D,20,0.478
8482821,2021,G,3,0
8474636,2021,G,2,0
8474641,2021,C,58,1.517
8482834,2021,R,7,-0.03
8474651,2021,G,24,0
8474667,2021,G,6,0
8474673,2021,D,89,0.673
8474679,2021,R,82,1.834
8474682,2021,G,29,0
8474683,2021,C,71,1.16
8474688,2021,D,10,0.062
8470594,2021,G,61,0
8470600,2021,D,89,0.757
8474697,2021,D,59,-0.117
8470604,2021,C,83,2.133
8470606,2021,R,71,1.006
8470610,2021,L,82,1.124
8470612,2021,C,56,1.041
8470613,2021,D,82,1.974
8474709,2021,L,71,-0.487
8470619,2021,C,72,0.786
8474715,2021,R,73,2.158
8470621,2021,R,105,2.268
8474716,2021,D,71,1.709
8470626,2021,L,73,0.179
8474722,2021,D,1,-0.012
8470638,2021,C,80,3.394
8478831,2021,C,3,-0.014
8478838,2021,C,6,0.01
8478840,2021,D,36,0.191
8478841,2021,D,27,0.096
8478846,2021,D,9,0.055
8478851,2021,D,81,1.179
8478856,2021,R,77,2.162
8478859,2021,D,66,0.302
8478864,2021,L,87,5.718
8478866,2021,C,72,0.093
8478868,2021,D,11,-0.031
8478870,2021,L,61,0.529
8478872,2021,G,52,0
8478873,2021,R,75,2.994
8478874,2021,R,58,0.303
8478881,2021,L,2,0
8478882,2021,D,80,0.999
8478891,2021,C,68,0.234
8478902,2021,G,15,0
8478903,2021,G,1,0
8478904,2021,C,72,0.16
8478906,2021,D,1,0.049
8478911,2021,D,74,0.702
8474818,2021,D,39,0.185
8478915,2021,D,13,0.236
8478916,2021,G,5,0
8478933,2021,G,1,0
8474849,2021,L,53,-0.122
8470755,2021,R,44,0.037
8478949,2021,R,1,-0.01
8474870,2021,C,26,0.098
8470775,2021,C,33,-0.114
8478967,2021,C,29,-0.256
8478970,2021,D,16,0.08
8478971,2021,G,7,0
8478975,2021,L,58,2.258
8474884,2021,C,67,1.01
8474889,2021,G,35,0
8470794,2021,C,89,3.889
8478996,2021,C,25,-0.072
8479026,2021,D,27,0.062
8470860,2021,G,17,0
8479066,2021,L,60,0.414
8470880,2021,G,19,0
8470966,2021,D,82,1.357
8479193,2021,G,27,0
8475098,2021,C,62,0.106
8475149,2021,L,75,0.797
8475151,2021,C,69,1.242
8479249,2021,C,2,0.081
8475156,2021,G,48,0
8479252,2021,D,4,-0.022
8475158,2021,C,90,3.283
8475160,2021,L,26,0.016
8475163,2021,R,67,0.769
8475164,2021,R,53,0.434
8475166,2021,C,86,3.009
8475167,2021,D,105,4.734
8475168,2021,C,82,4.048
8475169,2021,L,58,2.558
8475170,2021,C,74,2.442
8475171,2021,D,79,0.879
8475172,2021,C,87,4.667
8475176,2021,D,4,0.23
8475177,2021,D,69,-0.011
8475178,2021,R,74,0.432
8475179,2021,D,82,0.777
8475181,2021,D,84,0.637
8477457,2021,G,4,0
8475184,2021,L,101,4.06
8475186,2021,D,7,0.007
8475188,2021,D,69,0.536
8475191,2021,R,56,1.636
8475193,2021,L,76,1.081
8479289,2021,D,4,0.037
8479291,2021,C,76,-0.089
8479292,2021,G,5,0
8479293,2021,L,30,0.494
8475197,2021,D,89,1.891
8475200,2021,D,82,1.253
8483397,2021,C,11,0.071
8475208,2021,D,77,0.423
8475209,2021,R,4,-0.003
8479304,2021,C,6,0.036
8475215,2021,G,44,0
8479312,2021,G,2,0
8479313,2021,G,7,0
8475218,2021,D,80,1.013
8479314,2021,L,94,5.615
8479316,2021,C,86,0
8475220,2021,L,80,1.151
8479318,2021,C,80,6.126
8479315,2021,R,5,0.001
8479320,2021,D,5,-0.011
8475225,2021,C,81,1.243
8479321,2021,D,1,0.045
8475227,2021,D,64,1.11
8479323,2021,D,98,4.403
8479324,2021,D,95,0.451
8479325,2021,D,84,2.588
8475231,2021,C,74,0.547
8479328,2021,R,49,0.171
8475233,2021,D,62,0.473
8475234,2021,G,6,0
8475235,2021,L,86,-0.276
8475236,2021,C,69,-0.105
8479333,2021,D,17,-0.053
8479335,2021,C,80,0.579
8479336,2021,R,60,0.515
8479337,2021,R,82,3.815
8479338,2021,D,20,0.029
8479339,2021,L,56,2.257
8479341,2021,D,34,0.223
8475246,2021,D,39,-0.055
8479343,2021,R,67,2.68
8479344,2021,R,81,1.531
8479345,2021,D,47,0.823
8479346,2021,C,91,0.994
8479347,2021,L,29,-0.198
8479348,2021,D,36,0.164
8479351,2021,C,68,0.237
8479353,2021,C,47,0.679
8479355,2021,D,18,-0.09
8479356,2021,L,45,0.547
8479359,2021,L,12,-0.093
8479361,2021,G,4,0
8479362,2021,L,10,-0.03
8479364,2021,L,8,-0.098
8479365,2021,C,64,0.389
8479366,2021,C,39,0.305
8479367,2021,R,13,-0.22
8479368,2021,L,2,-0.022
8479369,2021,D,82,0.087
8479370,2021,C,86,0.53
8479371,2021,D,70,0.85
8479372,2021,D,38,0.181
8479373,2021,C,61,0.748
8475279,2021,D,84,0.72
8479376,2021,D,37,0.176
8479378,2021,D,58,0.389
8479379,2021,R,46,-0.026
8479382,2021,C,15,-0.145
8475287,2021,L,85,1.356
8479383,2021,L,59,-0.166
8479385,2021,R,86,3.85
8479388,2021,D,52,0.374
8479390,2021,R,74,0.584
8479393,2021,L,63,0.6
8479394,2021,G,45,0
8479395,2021,D,11,0.065
8479398,2021,D,74,0.909
8479400,2021,C,81,2.507
8479402,2021,D,67,0.631
8479404,2021,C,52,-0.135
8479406,2021,G,18,0
8475311,2021,G,73,0
8471214,2021,L,83,4.641
8479407,2021,L,76,3.406
8471217,2021,L,51,-0.017
8479410,2021,D,101,1.682
8475314,2021,L,76,1.647
8479413,2021,D,2,-0.003
8471218,2021,R,65,2.661
8479414,2021,R,72,0.277
8479415,2021,C,77,0.754
8479419,2021,L,19,0.104
8475324,2021,D,82,0.697
8479420,2021,C,78,3.23
8471228,2021,R,74,0.433
8479421,2021,D,19,-0.074
8479425,2021,D,78,1.342
8471239,2021,G,1,0
8475343,2021,C,70,1.133
8479439,2021,D,8,0.026
8479442,2021,D,33,0.207
8479447,2021,R,1,0.021
8471260,2021,L,6,-0.049
8479458,2021,D,62,0.037
8479465,2021,L,18,-0.005
8471274,2021,D,76,0.933
8483565,2021,D,7,0.122
8483570,2021,C,5,0.046
8471284,2021,D,32,0.021
8479482,2021,D,15,-0.01
8471303,2021,D,48,0.712
8479496,2021,G,18,0
8471306,2021,G,31,0
8475413,2021,C,22,0.041
8479511,2021,C,57,0.247
8479512,2021,R,6,0.039
8479514,2021,C,66,1.222
8479516,2021,C,2,0.037
8479518,2021,C,3,0.043
8479520,2021,L,86,0.024
8479523,2021,D,40,0.317
8479525,2021,C,102,1.885
8479526,2021,L,8,0.053
8479534,2021,D,5,0.053
8479536,2021,L,23,-0.005
8479542,2021,L,100,1.837
8479543,2021,L,51,0.189
8479546,2021,C,20,0.099
8479550,2021,C,1,-0.007
8475455,2021,D,79,0.396
8479553,2021,C,44,0.43
8475461,2021,L,1,0
8475462,2021,D,87,0.431
8479573,2021,L,18,-0.105
8479578,2021,D,36,0.059
8479580,2021,C,63,-0.071
8479581,2021,G,2,0
8479587,2021,C,4,-0.036
8479591,2021,C,1,-0.004
8479597,2021,D,4,-0.024
8479602,2021,D,6,0.081
8471418,2021,G,9,0
8479619,2021,L,21,0.157
8481597,2021,G,1,0
8481598,2021,D,24,0.024
8479639,2021,D,59,0.426
8479644,2021,R,23,0.137
8479661,2021,L,85,1.066
8479671,2021,R,13,-0.127
8479675,2021,L,88,2.332
8479705,2021,L,34,-0.071
8475622,2021,G,3,0
8479718,2021,C,16,0.207
8475625,2021,D,17,0.169
8479729,2021,D,3,-0.004
8475660,2021,G,50,0
8479772,2021,R,75,-0.295
8475683,2021,G,64,0
8475690,2021,D,90,0.857
8475692,2021,R,76,3.412
8475714,2021,C,78,1.019
8475717,2021,G,3,0
8475718,2021,D,74,0.72
8475722,2021,L,46,0.607
8475726,2021,C,86,2.355
8475728,2021,L,49,0.672
8475735,2021,C,43,-0.195
8475744,2021,C,85,3.251
8475745,2021,C,89,1.546
8475747,2021,D,68,-0.095
8475750,2021,D,75,0.647
8475752,2021,C,39,-0.099
8475753,2021,D,88,2.253
8475754,2021,C,72,2.596
8475760,2021,C,57,0.402
8475762,2021,D,83,0.284
8475763,2021,R,48,1.127
8475764,2021,D,76,1.482
8471669,2021,C,71,1.842
8475765,2021,R,87,4.448
8475766,2021,L,67,0.037
8475768,2021,L,37,0.892
8471675,2021,C,75,3.61
8475772,2021,C,69,0.743
8471677,2021,D,87,-0.202
8471679,2021,G,5,0
8475780,2021,R,4,-0.012
8471685,2021,C,88,2.404
8471686,2021,D,71,0.328
8475784,2021,L,80,2.884
8475786,2021,L,92,3.483
8475789,2021,G,56,0
8475790,2021,D,90,0.489
8471695,2021,G,4,0
8475792,2021,R,9,-0.023
8475791,2021,L,88,2.677
8475793,2021,C,83,1.807
8471698,2021,R,50,0.914
8475794,2021,C,88,1.971
8475796,2021,D,68,0.047
8475797,2021,D,7,0.015
8475799,2021,R,89,1.956
8475798,2021,C,84,2.498
8471699,2021,C,90,0.076
8471707,2021,L,19,0.068
8471709,2021,D,75,0.239
8475809,2021,G,37,0
8475810,2021,R,67,3.378
8471724,2021,D,85,3.333
8475820,2021,R,75,0.309
8471729,2021,D,37,0.35
8475825,2021,D,87,0.199
8471734,2021,G,53,0
8471735,2021,D,77,0.526
8475831,2021,G,55,0
8479933,2021,C,40,0.24
8475839,2021,G,8,0
8475842,2021,C,64,0.49
8479941,2021,R,45,0.436
8475848,2021,R,56,0.975
8479944,2021,L,69,-0.095
8479945,2021,D,43,0.232
8475852,2021,G,20,0
8475855,2021,R,96,0.659
8471774,2021,G,1,0
8479968,2021,C,31,0.206
8479972,2021,C,3,-0.015
8479973,2021,G,13,0
8479974,2021,C,25,0.136
8479976,2021,D,9,0.064
8479977,2021,R,95,1.447
8479979,2021,G,55,0
8475883,2021,G,52,0
8479981,2021,L,43,-0.184
8479980,2021,D,52,0.611
8479983,2021,D,63,0.074
8479984,2021,D,69,0.348
8479985,2021,D,9,-0.044
8479986,2021,R,23,0.161
8479982,2021,D,6,-0.038
8479987,2021,C,73,0.341
8471794,2021,C,88,0.661
8479991,2021,C,41,-0.174
8479992,2021,C,80,0.667
8479994,2021,C,7,-0.102
8479996,2021,C,10,-0.052
8479998,2021,D,64,0.093
8479999,2021,C,40,0.433
8480001,2021,D,29,0.009
8480002,2021,C,70,2.15
8480003,2021,C,56,0.595
8475906,2021,D,81,1.85
8480005,2021,L,53,-0.268
8480007,2021,R,30,0.132
8480008,2021,C,28,0.315
8475913,2021,R,37,1.273
8471817,2021,R,87,-0.596
8480011,2021,C,40,0.083
8480009,2021,R,78,0.515
8480012,2021,C,80,2.804
8480014,2021,C,27,0.108
8480015,2021,R,63,0.663
8475920,2021,G,2,0
8480018,2021,C,82,1.766
8480019,2021,L,10,0.096
8480021,2021,C,15,0.017
8480022,2021,G,1,0
8480023,2021,C,84,2.916
8480025,2021,R,55,0.168
8480027,2021,L,81,4.072
8480028,2021,C,55,0.141
8480029,2021,L,79,1.085
8480031,2021,L,52,0.044
8480035,2021,D,60,0.429
8480036,2021,D,77,1.579
8480037,2021,C,6,-0.008
8480039,2021,C,92,1.011
8480041,2021,D,1,-0.002
8480043,2021,D,63,0.973
8480045,2021,G,9,0
8480049,2021,D,15,0.19
8480051,2021,G,12,0
8480053,2021,C,19,0.233
8480054,2021,D,1,0.064
8475958,2021,C,10,0.181
8480056,2021,D,9,0.01
8480058,2021,D,4,-0.012
8480060,2021,C,35,0.117
8480064,2021,C,66,2.626
8471873,2021,D,74,0.482
8475968,2021,R,11,-0.11
8480068,2021,C,57,0.448
8480069,2021,D,97,5.571
8480070,2021,D,8,0.007
8480071,2021,D,21,0.144
8480072,2021,C,20,0.094
8480073,2021,D,53,0.343
8480074,2021,L,36,0.768
8480078,2021,C,87,1.037
8471887,2021,R,75,1.481
8480083,2021,L,1,-0.009
8480087,2021,R,1,0.009
8480113,2021,L,86,1.684
8480144,2021,C,89,1.336
8480145,2021,D,77,1.341
8480157,2021,D,27,0.26
8480160,2021,D,36,-0.019
8480172,2021,D,93,0.501
8480184,2021,D,63,0.242
8480185,2021,C,88,0.812
8480188,2021,L,14,0.37
8480192,2021,D,4,-0.024
8480193,2021,G,4,0
8480196,2021,D,73,-0.156
8480205,2021,C,41,0.251
8480208,2021,R,46,1.761
8480216,2021,C,68,0.539
8480220,2021,L,16,0.343
8480222,2021,D,36,0.45
8480226,2021,R,37,-0.049
8480231,2021,D,6,-0.042
8467950,2021,G,31,0
8480259,2021,C,2,-0.022
8480280,2021,G,46,0
8480281,2021,R,40,-0.112
8480289,2021,C,27,0.053
8480292,2021,R,13,0.046
8480293,2021,D,5,-0.041
8480304,2021,L,3,0.023
8480306,2021,D,16,-0.035
8480313,2021,G,19,0
8480326,2021,C,11,0.083
8476234,2021,G,1,0
8480336,2021,D,6,0.083
8480355,2021,C,16,0.08
8480373,2021,G,2,0
8476278,2021,C,65,0.614
8476285,2021,C,5,-0.004
8480382,2021,G,35,0
8476288,2021,C,32,0.007
8480384,2021,C,8,-0.076
8476292,2021,L,100,2.778
8476312,2021,D,87,0.731
8476316,2021,G,24,0
8476323,2021,L,10,-0.112
8480420,2021,G,8,0
8476326,2021,R,21,-0.139
8476329,2021,C,74,0.825
8476331,2021,D,76,0.008
8480434,2021,D,71,1.206
8476341,2021,G,46,0
8476343,2021,G,2,0
8476345,2021,C,24,0.166
8476346,2021,L,94,6.518
8480441,2021,R,6,0.074
8480443,2021,C,13,0.009
8480448,2021,C,41,0.203
8480459,2021,C,82,1.238
8476368,2021,D,9,-0.05
8480466,2021,D,1,-0.005
8480467,2021,D,8,0.082
8476372,2021,D,43,-0.022
8479322,2021,R,1,-0.005
8476374,2021,C,77,1.208
8476389,2021,C,95,2.749
8476390,2021,C,1,0.039
8476391,2021,C,2,-0.021
8476392,2021,C,79,0.748
8476393,2021,C,71,0.558
8476396,2021,C,2,-0.016
8476399,2021,L,93,1.121
8476400,2021,R,17,0.118
8476404,2021,C,6,-0.013
8476410,2021,L,7,0.128
8476412,2021,G,43,0
8476415,2021,C,5,-0.073
8476419,2021,C,77,1.113
8476422,2021,D,75,0.421
8476428,2021,R,7,-0.052
8476429,2021,D,61,0.437
8476432,2021,C,59,1.583
8476433,2021,G,1,0
8476434,2021,G,56,0
8476436,2021,R,12,-0.142
8476437,2021,C,47,0.645
8476438,2021,L,90,2.23
8476439,2021,R,48,-0.168
8476441,2021,D,24,0.154
8476442,2021,L,70,-0.037
8476448,2021,C,67,1.256
8476449,2021,D,7,-0.007
8476453,2021,R,70,4.406
8476454,2021,C,79,2.851
8476455,2021,L,71,3.642
8476456,2021,L,90,5.544
8476457,2021,D,82,0.476
8476458,2021,C,93,2.116
8476459,2021,C,101,4.121
8476460,2021,C,67,2.423
8476461,2021,C,29,0.545
8476462,2021,D,62,1.442
8476463,2021,D,79,1.097
8476466,2021,L,1,-0.015
8476467,2021,D,72,0.494
8476468,2021,C,80,4.802
8476469,2021,R,60,0.095
8476470,2021,D,24,0.112
8476473,2021,D,57,0.025
8476474,2021,R,2,-0.039
8472382,2021,D,69,-0.006
8476479,2021,C,86,2.284
8476480,2021,C,82,0.901
8476483,2021,R,72,1.597
8476495,2021,C,1,-0.005
8480591,2021,G,1,0
8476505,2021,C,2,-0.031
8476509,2021,G,2,0
8480979,2021,C,10,0.109
8476525,2021,D,38,0.324
8476539,2021,R,76,2.993
8476545,2021,R,2,-0.016
8471215,2021,C,48,2.17
8476624,2021,C,88,1.115
8480727,2021,D,59,0.733
8480748,2021,L,11,0.045
8480762,2021,L,67,0.652
8480776,2021,R,1,-0.001
8480789,2021,R,73,0.877
8480796,2021,D,85,0.264
8480797,2021,L,63,1.019
8480798,2021,C,67,0.398
8480800,2021,D,76,2.751
8480801,2021,L,79,2.537
8480802,2021,C,87,0.331
8480803,2021,D,97,2.386
8480806,2021,C,80,0.832
8480807,2021,D,42,0.236
8480813,2021,C,66,-0.035
8480814,2021,D,2,0
8480817,2021,D,102,0.547
8480821,2021,R,74,0.608
8480822,2021,R,6,-0.08
8480823,2021,D,1,-0.009
8480829,2021,C,80,0.907
8480830,2021,R,92,3.551
8480831,2021,D,15,-0.024
8480835,2021,C,2,0.116
8480839,2021,D,80,2.007
8480842,2021,C,1,-0.007
8480843,2021,G,4,0
8480844,2021,L,1,-0.015
8480845,2021,C,62,-0.132
8480846,2021,L,10,-0.106
8480847,2021,D,39,-0.006
8480848,2021,C,2,-0.042
8480849,2021,C,60,0.715
8480853,2021,C,1,-0.011
8480855,2021,C,10,0.043
8480858,2021,C,1,-0.01
8480860,2021,D,17,0.034
8480863,2021,L,10,-0.023
8480865,2021,D,80,2.31
8480870,2021,C,18,0.059
8480871,2021,D,52,0.938
8480873,2021,D,51,0.565
8476779,2021,D,50,0.549
8480878,2021,D,25,0.082
8480879,2021,D,8,-0.004
8480883,2021,D,66,0.603
8480884,2021,D,15,0.125
8480887,2021,D,10,-0.004
8476792,2021,D,67,1.921
8480890,2021,C,13,0.055
8480901,2021,C,44,0.201
8476807,2021,D,8,0.079
8480913,2021,D,1,-0.021
8476822,2021,C,88,0.313
8476826,2021,C,74,1.442
8480925,2021,G,28,0
8480945,2021,D,5,0.009
8476850,2021,D,37,-0.01
8480947,2021,G,32,0
8476851,2021,C,60,0.475
8476853,2021,D,89,3.427
8480950,2021,D,84,0.251
8476854,2021,D,75,0.743
8476856,2021,D,63,0.962
8476867,2021,C,30,0.173
8476869,2021,D,96,1.609
8476870,2021,C,1,-0.005
8476871,2021,L,68,1.28
8476872,2021,C,67,0.835
8476873,2021,L,19,0.153
8476874,2021,D,73,-0.112
8476875,2021,D,81,1.594
8476876,2021,G,4,0
8476878,2021,C,56,0.411
8476879,2021,D,94,1.041
8476880,2021,R,79,1.78
8476881,2021,C,82,2.511
8476882,2021,C,91,3.099
8476883,2021,G,86,0
8480980,2021,C,36,0.106
8476885,2021,D,101,1.902
8476886,2021,D,19,0.066
8476887,2021,L,73,4.142
8480981,2021,G,2,0
8476889,2021,C,84,0.192
8476884,2021,D,11,0.11
8476891,2021,D,78,0.595
8476892,2021,D,92,1.63
8480988,2021,C,7,0.104
8480990,2021,D,2,-0.011
8476897,2021,C,59,0.612
8476899,2021,G,20,0
8476902,2021,D,83,0.702
8476903,2021,G,20,0
8476904,2021,G,27,0
8476905,2021,C,79,2.01
8476906,2021,D,82,2.098
8476907,2021,L,14,0
8481004,2021,L,15,-0.135
8481003,2021,D,2,-0.015
8476913,2021,C,49,0.315
8476914,2021,G,22,0
8476915,2021,L,27,-0.101
8476917,2021,D,78,0.826
8481014,2021,D,79,0.074
8476919,2021,C,70,0.069
8476918,2021,L,68,0.131
8476921,2021,L,65,0.194
8481019,2021,C,2,-0.013
8481020,2021,G,2,0
8476925,2021,C,83,0.986
8476923,2021,D,80,1.718
8476927,2021,C,72,1.098
8476924,2021,R,6,0.046
8476931,2021,D,75,0.703
8476932,2021,G,28,0
8476934,2021,L,71,0.552
8481031,2021,G,3,0
8481032,2021,L,7,0.053
8481033,2021,G,6,0
8476945,2021,G,66,0
8476952,2021,C,77,0.124
8476958,2021,D,93,1.965
8476960,2021,C,34,0.783
8481058,2021,R,14,0.088
8481059,2021,D,26,0.368
8481061,2021,C,50,0.034
8476966,2021,C,3,0.029
8476967,2021,D,90,0.721
8481068,2021,C,76,1.764
8476975,2021,C,24,-0.017
8476979,2021,D,59,0.568
8476981,2021,R,69,0.861
8481077,2021,L,14,0.004
8476983,2021,D,1,0.012
8476982,2021,C,5,0.007
8476988,2021,D,68,0.181
8476989,2021,D,9,0.048
8476994,2021,C,62,0.587
8481093,2021,L,4,0.041
8476999,2021,G,43,0
8477003,2021,R,4,-0.049
8481102,2021,L,8,-0.076
8477015,2021,R,64,1.278
8477018,2021,D,58,0.41
8477021,2021,C,89,1.986
8481122,2021,D,53,-0.007
8477034,2021,D,44,0.021
8481133,2021,L,1,-0.021
8481147,2021,C,37,-0.03
8481161,2021,D,8,0.015
8477070,2021,C,39,-0.256
8481167,2021,D,2,-0.011
8477073,2021,L,58,-0.152
8481178,2021,D,10,-0.094
8481186,2021,R,98,0.497
8477126,2021,C,20,0.052
8481239,2021,L,4,-0.047
8477149,2021,R,7,0.021
8477180,2021,G,12,0
8477202,2021,G,11,0
8477205,2021,D,38,0.041
8477210,2021,R,32,0.06
8477215,2021,D,59,-0.031
8477220,2021,D,77,0.992
8477240,2021,C,26,0.106
8477244,2021,D,85,0.215
8477290,2021,L,83,-0.01
8477293,2021,G,41,0
8465009,2021,D,72,0.1
8477320,2021,L,32,0.078
8477330,2021,L,78,0.986
8477335,2021,D,42,0.117
8481433,2021,L,15,0.046
8477341,2021,L,71,1.306
8477343,2021,D,2,-0.023
8481441,2021,C,12,0.312
8477346,2021,D,90,2.031
8477353,2021,C,73,0.041
8477355,2021,D,37,0.124
8477359,2021,D,40,-0.052
8477361,2021,G,38,0
8477365,2021,D,67,0.425
8481461,2021,D,24,0.157
8477369,2021,D,64,0.688
8477380,2021,C,23,-0.106
8481477,2021,C,87,0.69
8477384,2021,D,53,0.083
8481481,2021,C,77,0.729
8477392,2021,R,11,-0.119
8481489,2021,D,1,-0.013
8477401,2021,C,55,-0.354
8477402,2021,L,85,3.741
8477404,2021,C,83,5.074
8477406,2021,C,67,0.602
8477407,2021,L,82,2.977
8477409,2021,C,88,2.75
8477416,2021,R,80,2.49
8477419,2021,L,25,-0.203
8481517,2021,R,37,0.091
8481518,2021,L,7,0.177
8481519,2021,G,32,0
8477424,2021,G,67,0
8477425,2021,L,3,-0.077
8481521,2021,D,15,0.152
8481522,2021,C,57,0.293
8481523,2021,C,70,0.258
8481524,2021,D,50,1.093
8477426,2021,L,103,1.696
8481527,2021,D,1,-0.011
8477429,2021,C,92,2.735
8481528,2021,C,79,1.1
8477433,2021,D,19,-0.067
8477435,2021,D,75,1.066
8481532,2021,C,8,-0.09
8481533,2021,C,75,2.56
8481530,2021,L,1,-0.001
8481535,2021,L,60,0.653
8481537,2021,D,5,0.079
8481540,2021,R,67,1.997
8477444,2021,L,92,2.324
8481542,2021,D,82,2.243
8477447,2021,D,78,2.481
8477446,2021,C,53,0.364
8481544,2021,G,2,0
8481546,2021,D,30,0.274
8477450,2021,C,62,-0.169
8477451,2021,R,88,2.708
8477454,2021,L,79,0.194
8481550,2021,L,3,0.021
8477456,2021,L,90,1.221
8481552,2021,D,1,-0.004
8481554,2021,R,62,0.579
8481555,2021,D,6,0.007
8477460,2021,C,38,0.205
8481557,2021,L,53,1.594
8477462,2021,D,64,0.084
8477463,2021,D,1,-0.002
8477464,2021,C,18,-0.052
8481559,2021,C,49,2.723
8481560,2021,R,87,0.934
8477465,2021,G,59,0
8477461,2021,L,1,-0.013
8477471,2021,D,9,-0.044
8477472,2021,D,3,0.092
8481568,2021,D,15,0.011
8477473,2021,R,14,-0.095
8477474,2021,D,2,-0.018
8477476,2021,L,94,1.964
8481572,2021,D,12,0.197
8477478,2021,L,63,0.624
8477479,2021,L,68,2.868
8477480,2021,G,19,0
8481577,2021,R,79,1.012
8477482,2021,L,80,0.093
8481575,2021,D,16,0.15
8481580,2021,L,72,0.666
8481581,2021,D,34,0.063
8477484,2021,G,6,0
8481582,2021,L,10,-0.054
8477488,2021,D,84,0.973
8477492,2021,C,85,5.873
8477493,2021,C,77,4.754
8477494,2021,L,34,0.635
8477495,2021,D,78,2.152
8477496,2021,C,94,4.164
8477497,2021,C,65,0.429
8477498,2021,D,86,1.661
8477499,2021,D,66,0.51
8477500,2021,C,70,2.035
8477501,2021,R,82,2.968
8481596,2021,C,5,-0.019
8477503,2021,C,86,1.567
8481599,2021,D,16,-0.082
8477505,2021,C,80,0.53
8477506,2021,D,56,0.934
8477504,2021,D,79,1.416
8481604,2021,R,2,-0.004
8481600,2021,D,70,-0.02
8477507,2021,D,86,0.704
8477511,2021,R,43,1.042
8477512,2021,C,8,-0.036
8477508,2021,C,77,0.381
8473415,2021,D,2,-0.006
8473419,2021,L,77,4.077
8481609,2021,D,32,-0.032
8481611,2021,G,7,0
8473422,2021,L,71,-0.067
8481606,2021,D,27,0.195
8481617,2021,R,79,0.543
8481618,2021,C,83,1.085
8477527,2021,L,32,-0.059
8481624,2021,R,60,1.699
8481626,2021,C,18,0.079
8477541,2021,D,2,-0.006
8473446,2021,D,97,1.137
8473449,2021,R,74,1.36
8481641,2021,L,63,-0.138
8473453,2021,C,92,0.077
8473463,2021,R,1,-0.027
8481656,2021,L,33,0.167
8481655,2021,R,3,-0.06
8481657,2021,C,1,0
8473473,2021,L,94,-0.049
8477573,2021,L,34,0.367
8473503,2021,G,48,0
8473504,2021,R,59,0.106
8473507,2021,D,68,0.851
8481701,2021,D,9,0.062
8481703,2021,R,1,0.052
8473512,2021,R,85,2.567
8481708,2021,D,12,0.062
8481711,2021,L,23,-0.052
8481720,2021,C,9,0.003
8473533,2021,C,92,1.853
8477631,2021,L,1,-0.015
8473541,2021,G,10,0
8473544,2021,C,47,0.486
8473548,2021,R,82,1.752
8481740,2021,R,2,-0.034
8469455,2021,C,76,0.759
8473563,2021,C,53,1.024
8473575,2021,G,31,0
8473604,2021,C,71,1.047
8473618,2021,C,25,0.27
8481815,2021,R,1,-0.004
8481827,2021,L,2,-0.057
8481849,2021,D,3,-0.036
8469608,2021,G,44,0
8477810,2021,D,51,0.078
8477831,2021,G,2,0
8477839,2021,L,77,1.62
8477845,2021,D,78,0.516
8477846,2021,C,67,0.093
8477851,2021,D,45,0.063
8477887,2021,C,44,0.214
8477903,2021,R,82,0.683
8477919,2021,C,82,1.712
8477930,2021,L,103,0.694
8477931,2021,L,82,0.404
8477932,2021,D,71,2.888
8477933,2021,C,88,4.122
8477934,2021,C,96,6.552
8477935,2021,C,81,2.087
8477936,2021,L,1,-0.011
8477938,2021,D,36,-0.012
8477939,2021,R,88,4.06
8477940,2021,L,62,2.686
8477941,2021,L,57,0.649
8477942,2021,L,88,4.246
8477943,2021,L,23,0.045
8477944,2021,L,26,0.761
8477946,2021,C,71,2.623
8477947,2021,L,66,1.016
8477948,2021,D,80,0.992
8477949,2021,R,50,1.714
8477950,2021,D,78,2.644
8477951,2021,C,63,2.267
8477952,2021,C,56,0.903
8477953,2021,R,86,0.81
8477955,2021,L,74,2.056
8477956,2021,R,79,4.163
8482055,2021,L,24,0.163
8477960,2021,R,85,3.079
8477962,2021,L,57,0.236
8477964,2021,L,93,2.097
8482061,2021,L,1,-0.017
8482062,2021,R,8,-0.081
8477967,2021,G,64,0
8477968,2021,G,59,0
8477969,2021,D,79,0.694
8477970,2021,G,44,0
8482067,2021,D,3,0.032
8477974,2021,C,1,-0.007
8482070,2021,R,2,-0.02
8482072,2021,D,6,0.031
8482073,2021,D,63,0.449
8477979,2021,R,88,0.328
8482076,2021,G,25,0
8482077,2021,L,1,-0.003
8482078,2021,L,82,2.309
8482079,2021,C,2,-0.025
8477986,2021,D,91,1.585
8477987,2021,C,74,1.271
8477989,2021,C,56,1.026
8477992,2021,G,11,0
8482089,2021,L,9,0.036
8477996,2021,C,75,0.147
8482093,2021,R,82,1.833
8477998,2021,L,95,0.634
8482097,2021,R,2,0.093
8478007,2021,G,59,0
8478009,2021,G,52,0
8478010,2021,C,75,2.841
8482109,2021,L,99,0.946
8482110,2021,C,82,1.393
8478013,2021,D,51,0.257
8482111,2021,D,7,0.081
8478017,2021,D,32,0.33
8482113,2021,C,74,2.106
8478020,2021,R,56,0.408
8478021,2021,D,33,0.115
8482116,2021,C,79,2.613
8482117,2021,L,11,-0.058
8478024,2021,G,47,0
8482124,2021,R,42,0.154
8482125,2021,R,9,0.028
8478029,2021,L,2,-0.023
8482133,2021,C,8,0.221
8478038,2021,D,86,3.015
8478039,2021,G,36,0
8478040,2021,R,16,-0.184
8478042,2021,L,66,2.376
8478043,2021,C,56,0.198
8478046,2021,L,83,1.25
8478047,2021,L,85,2.984
8482142,2021,D,81,1.124
8478048,2021,G,73,0
8478051,2021,C,41,-0.117
8482148,2021,C,6,0.024
8482149,2021,C,18,0.192
8482150,2021,R,1,-0.024
8478055,2021,D,81,1.803
8478056,2021,C,9,-0.017
8478057,2021,C,31,0.282
8478058,2021,L,3,-0.03
8478062,2021,D,67,0
8478067,2021,L,79,0.65
8478074,2021,C,4,-0.043
8478075,2021,L,58,-0.203
8482175,2021,R,2,-0.027
8473986,2021,L,105,2.209
8473994,2021,L,89,1.364
8482192,2021,D,4,-0.013
8478099,2021,R,21,0.032
8482197,2021,R,5,-0.056
8478104,2021,L,14,0.028
8474009,2021,C,80,0.471
8478106,2021,R,5,0.018
8478109,2021,L,72,1.924
8474013,2021,D,89,0.393
8478115,2021,L,85,1.138
8474027,2021,D,88,0.266
8482222,2021,L,70,1.182
8474031,2021,D,82,1.323
8474034,2021,L,104,0.723
8478131,2021,R,57,1.208
8478133,2021,C,72,1.254
8474037,2021,L,82,1.545
8474038,2021,L,27,0.151
8474040,2021,C,81,1.146
8478136,2021,D,72,0.42
8482241,2021,L,17,0.127
8478146,2021,C,46,0.119
8482243,2021,R,1,-0.005
8481553,2021,R,10,0.091
8482245,2021,D,81,0.348
8474053,2021,C,77,2.854
8478147,2021,L,4,0.035
8474056,2021,D,77,0.559
8474062,2021,C,57,-0.077
8474066,2021,D,2,-0.005
8474068,2021,C,23,0.1
8478173,2021,R,6,0.091
8478178,2021,D,4,-0.013
8474089,2021,C,10,0.02
8474090,2021,D,59,0.455
8474098,2021,C,35,-0.084
8474102,2021,L,79,2.977
8478211,2021,L,79,-0.052
8478233,2021,L,94,2.774
8474141,2021,R,78,4.044
8474145,2021,D,83,-0.127
8474149,2021,L,78,1.728
8474150,2021,C,94,1.861
8474151,2021,D,94,0.796
8478250,2021,L,4,0.017
8474157,2021,L,39,1.737
8474161,2021,R,79,2.313
8474162,2021,D,54,0.594
8474166,2021,D,26,0.208
8474176,2021,L,53,0.069
8474189,2021,C,78,1.197
8474190,2021,R,74,0.332
8474207,2021,D,76,0.461
8482408,2021,L,1,-0.007
8478366,2021,R,91,1.566
8482475,2021,R,62,0.225
8474291,2021,C,33,-0.222
8478396,2021,D,93,2.172
8478397,2021,D,94,2.192
8478398,2021,L,79,4.591
8478399,2021,D,70,0.305
8478400,2021,C,24,0.381
8478401,2021,C,70,1.183
8478402,2021,C,96,8.482
8478403,2021,C,34,1.021
8478406,2021,G,25,0
8478407,2021,D,73,1.282
8478408,2021,D,60,0.075
8478413,2021,L,68,0.84
8478414,2021,R,77,3.406
8478415,2021,D,10,0.128
8478416,2021,D,78,0.245
8478420,2021,R,95,5.358
8478421,2021,L,9,0.1
8478424,2021,C,77,0.076
8478425,2021,D,6,-0.058
8466138,2021,C,35,0.134
8478427,2021,C,93,3.804
8478430,2021,D,85,1.455
8478431,2021,L,72,0.297
8478432,2021,R,53,-0.03
8478433,2021,G,5,0
8478434,2021,R,77,0.42
8478435,2021,G,24,0
8478438,2021,C,27,0.009
8478439,2021,R,79,2.066
8478440,2021,C,69,1.139
8478442,2021,C,1,0.052
8478443,2021,D,86,0.507
8478444,2021,R,71,1.897
8478445,2021,C,73,2.264
8478446,2021,C,2,-0.024
8478447,2021,R,9,0.048
8478449,2021,C,86,3.206
8478451,2021,D,58,0.472
8478452,2021,D,51,0.554
8478454,2021,D,8,0.076
8478458,2021,C,81,1.292
8478460,2021,D,68,2.116
8478462,2021,C,78,1.742
8478463,2021,R,75,0.978
8478465,2021,D,1,0
8478466,2021,R,63,0.753
8478467,2021,D,50,-0.08
8478468,2021,D,69,-0.109
8478469,2021,D,59,1.658
8478470,2021,G,38,0
8478472,2021,R,69,0.839
8470281,2021,D,80,0.843
8478474,2021,L,65,0.931
8478476,2021,D,45,0.115
8478477,2021,C,27,0.029
8478480,2021,C,2,-0.027
8478483,2021,R,79,4.793
8478485,2021,R,2,-0.02
8478486,2021,C,3,-0.002
8478491,2021,D,6,-0.006
8478492,2021,G,49,0
8478493,2021,C,83,2.287
8478495,2021,R,78,0.933
8478498,2021,L,84,1.938
8478499,2021,G,25,0
8478500,2021,D,79,0.998
8478506,2021,D,38,0.263
8478507,2021,D,88,0.696
8478508,2021,C,84,0.454
8478512,2021,C,17,0.211
8478519,2021,C,99,1.444
8478528,2021,C,23,-0.082
8482624,2021,D,11,0.031
8482634,2021,C,3,0.051
8482635,2021,L,21,-0.144
8478542,2021,C,89,2.053
8482641,2021,D,10,0.092
8478550,2021,L,95,4.67
8482652,2021,R,1,-0.012
8482654,2021,C,11,-0.039
8482655,2021,D,43,0.481
8482660,2021,C,9,0.005
8478567,2021,D,41,0.31
8478569,2021,C,29,0.227
8482665,2021,C,10,0.361
8482667,2021,L,9,0.108
8482671,2021,D,8,0.095
8478585,2021,C,90,0.913
8482705,2021,C,79,0.967
8482745,2021,C,9,0.073
8474563,2021,D,39,1.463
8474564,2021,C,104,5.636
8474565,2021,D,80,1.798
8474567,2021,D,70,0.186
8474568,2021,D,66,0.525
8474573,2021,R,74,1.138
8474574,2021,D,82,0.223
8474578,2021,D,50,1.631
8474584,2021,D,26,0.415
8474586,2021,R,79,1.364
8474589,2021,R,57,0.675
8474590,2021,D,84,3.771
8474593,2021,G,75,0
8474596,2021,G,35,0
8474600,2021,D,84,4.88
8474602,2021,D,80,0.784
8474610,2021,C,1,-0.006
8474612,2021,D,43,0.254
8474613,2021,C,61,0.897
8474618,2021,D,74,0.206
8482815,2021,C,3,-0.048
8474628,2022,D,48,0.289
8482821,2022,G,15,0
8482824,2022,D,16,0.098
8474636,2022,G,16,0
8474641,2022,C,62,1.464
8482834,2022,R,15,0.068
8482861,2022,D,3,0.033
8474673,2022,D,69,0.293
8474679,2022,R,57,1.014
8474682,2022,G,4,0
8474683,2022,C,46,0.751
8470594,2022,G,48,0
8470595,2022,C,93,0.963
8470600,2022,D,101,0.596
8474697,2022,D,4,-0.025
8470604,2022,C,79,1.036
8470610,2022,L,88,1.289
8470613,2022,D,97,2.739
8474709,2022,L,87,0.032
8474716,2022,D,85,1.254
8470621,2022,R,87,0.93
8470638,2022,C,81,2.469
8478831,2022,C,59,0.436
8478840,2022,D,96,0.594
8478841,2022,D,46,0.002
8478843,2022,C,72,0.616
8478846,2022,D,16,0.04
8478851,2022,D,43,0.21
8478856,2022,R,81,1.493
8478859,2022,D,88,-0.331
8478864,2022,L,73,3.865
8482964,2022,D,51,0.339
8478870,2022,L,17,0.206
8478872,2022,G,50,0
8478873,2022,R,70,2.743
8478881,2022,L,7,-0.051
8478882,2022,D,78,0.329
8482982,2022,G,1,0
8478891,2022,C,46,0.256
8478902,2022,G,10,0
8478904,2022,C,80,0.529
8478911,2022,D,88,1.088
8474818,2022,D,12,0.088
8478916,2022,G,5,0
8474870,2022,C,56,1.069
8478967,2022,C,27,0.093
8478970,2022,D,93,0.502
8478971,2022,G,27,0
8478975,2022,L,86,0.985
8474884,2022,C,67,0.966
8474889,2022,G,49,0
8470794,2022,C,96,3.975
8479026,2022,D,11,0.121
8470860,2022,G,25,0
8483158,2022,G,1,0
8479066,2022,L,95,0.278
8470880,2022,G,22,0
8483183,2022,G,1,0
8470966,2022,D,89,0.631
8479193,2022,G,38,0
8475149,2022,L,86,1.573
8475151,2022,C,61,1.419
8479252,2022,D,1,0.003
8475158,2022,C,64,1.462
8475160,2022,L,2,0.029
8475163,2022,R,20,0.351
8475164,2022,R,81,0.227
8475166,2022,C,91,3.822
8475167,2022,D,81,2.019
8475168,2022,C,71,2.122
8475169,2022,L,53,1.178
8475170,2022,C,82,2.178
8475171,2022,D,54,0.54
8475172,2022,C,82,2.025
8475177,2022,D,53,0.352
8475178,2022,R,51,-0.384
8475179,2022,D,67,0.313
8475181,2022,D,78,0.398
8475184,2022,L,86,2.845
8475188,2022,D,103,0.352
8475191,2022,R,100,2.895
8475193,2022,L,94,2.017
8479291,2022,C,17,-0.082
8479292,2022,G,31,0
8479293,2022,L,96,1.197
8475197,2022,D,85,2.271
8475200,2022,D,73,1.769
8483397,2022,C,2,-0.028
8475208,2022,D,82,0.696
8479304,2022,C,1,0.061
8479312,2022,G,19,0
8475218,2022,D,90,1.246
8479314,2022,L,99,6.825
8479316,2022,C,31,0.238
8475220,2022,L,71,0.098
8479318,2022,C,85,4.928
8479315,2022,R,38,0.13
8479320,2022,D,3,-0.015
8475225,2022,C,64,0.288
8479322,2022,R,60,0.037
8479323,2022,D,89,3.33
8479324,2022,D,70,0.577
8475227,2022,D,46,-0.116
8479321,2022,D,2,-0.001
8475231,2022,C,87,0.741
8479328,2022,R,57,0.374
8475233,2022,D,62,0.415
8479325,2022,D,74,2.334
8475235,2022,L,80,-0.325
8483424,2022,C,1,-0.016
8479333,2022,D,16,-0.045
8479329,2022,D,3,-0.016
8479335,2022,C,46,0.013
8479336,2022,R,63,0.475
8479337,2022,R,82,2.83
8479338,2022,D,23,-0.034
8479339,2022,L,55,2.117
8479343,2022,R,82,3.501
8479344,2022,R,82,0.051
8479345,2022,D,48,1.501
8479346,2022,C,82,1.638
8479347,2022,L,2,-0.018
8479348,2022,D,33,-0.053
8479351,2022,C,70,0.727
8479353,2022,C,76,0.229
8479356,2022,L,28,-0.119
8479359,2022,L,9,-0.027
8479361,2022,G,11,0
8479362,2022,L,3,-0.03
8483460,2022,D,4,-0.036
8479365,2022,C,84,0.938
8479366,2022,C,30,-0.092
8479367,2022,R,13,-0.087
8483464,2022,C,1,-0.018
8479368,2022,L,69,0.274
8479369,2022,D,80,-0.044
8479370,2022,C,71,0.764
8479371,2022,D,79,0.058
8479372,2022,D,103,0.395
8475278,2022,C,9,0.071
8475279,2022,D,76,0.347
8479376,2022,D,11,0.029
8479375,2022,C,4,0.008
8479378,2022,D,20,-0.033
8479379,2022,R,37,-0.079
8479380,2022,G,1,0
8475287,2022,L,92,1.447
8479383,2022,L,58,0.12
8479385,2022,R,79,3.189
8479388,2022,D,50,0.014
8479390,2022,R,78,1.048
8479393,2022,L,57,0.338
8479394,2022,G,55,0
8479395,2022,D,2,-0.029
8479398,2022,D,83,1.332
8479400,2022,C,78,2.488
8479402,2022,D,14,0.205
8479404,2022,C,1,-0.008
8479406,2022,G,44,0
8471214,2022,L,73,3.307
8475311,2022,G,57,0
8471215,2022,C,82,3.558
8479410,2022,D,85,2.661
8479407,2022,L,94,3.264
8475314,2022,L,88,2.189
8471218,2022,R,77,2.141
8479414,2022,R,55,0.514
8479415,2022,C,92,1.186
8483515,2022,L,39,-0.036
8475324,2022,D,77,0.981
8479420,2022,C,78,4.783
8479421,2022,D,2,-0.007
8479423,2022,L,9,0.016
8479425,2022,D,64,1.399
8483524,2022,C,8,0.064
8483530,2022,G,6,0
8475343,2022,C,65,1.505
8479439,2022,D,58,0.163
8479442,2022,D,81,0.151
8483549,2022,L,1,0.077
8479458,2022,D,46,0.081
8479465,2022,L,4,-0.019
8471274,2022,D,46,-0.098
8471276,2022,C,74,2.002
8483565,2022,D,36,0.484
8483570,2022,C,45,-0.008
8483575,2022,G,3,0
8471303,2022,D,68,0.121
8479496,2022,G,21,0
8471306,2022,G,21,0
8483597,2022,L,14,-0.078
8479514,2022,C,46,0.207
8479518,2022,C,5,-0.052
8479520,2022,L,57,0.025
8483619,2022,D,17,0.059
8479523,2022,D,2,-0.008
8479525,2022,C,87,1.233
8479526,2022,L,8,0.057
8483620,2022,D,33,0.226
8479533,2022,L,5,0.002
8483630,2022,L,14,0.08
8479536,2022,L,51,0.239
8479542,2022,L,87,2.71
8479543,2022,L,63,0.167
8483641,2022,L,2,-0.021
8479546,2022,C,3,0.066
8479547,2022,R,2,-0.026
8479550,2022,C,32,-0.097
8475455,2022,D,87,0.431
8475461,2022,L,4,0.135
8475462,2022,D,93,0.65
8479573,2022,L,5,-0.03
8479576,2022,D,48,0.123
8479578,2022,D,29,0.004
8479580,2022,C,60,-0.147
8479591,2022,C,57,0.391
8481591,2022,R,3,0.016
8479602,2022,D,1,-0.013
8481592,2022,L,24,0.221
8471418,2022,G,1,0
8479619,2022,L,9,0.091
8481598,2022,D,55,0.214
8479639,2022,D,17,0.07
8481600,2022,D,10,0.017
8479644,2022,R,19,0.047
8479661,2022,L,79,-0.011
8479671,2022,R,66,-0.002
8479675,2022,L,65,1.148
8479705,2022,L,4,-0.007
8483808,2022,L,81,3.401
8479718,2022,C,1,0.002
8475625,2022,D,61,0.022
8475660,2022,G,36,0
8479772,2022,R,57,-0.248
8475683,2022,G,69,0
8475690,2022,D,65,0.15
8475692,2022,R,84,3.005
8475714,2022,C,84,1.229
8475718,2022,D,88,0.432
8475722,2022,L,78,1.849
8475726,2022,C,82,3.434
8475744,2022,C,81,1.989
8475745,2022,C,89,1.685
8475747,2022,D,75,-0.371
8475750,2022,D,75,0.182
8475752,2022,C,61,0.275
8475753,2022,D,82,1.931
8475754,2022,C,88,3.331
8475760,2022,C,90,1.546
8475762,2022,D,61,0.234
8475763,2022,R,81,1.533
8475764,2022,D,82,1.612
8471669,2022,C,88,0.411
8475766,2022,L,75,-0.141
8475765,2022,R,76,2.303
8475768,2022,L,85,1.606
8471675,2022,C,82,3.044
8475772,2022,C,2,-0.035
8471677,2022,D,86,-0.306
8475780,2022,R,1,-0.019
8471685,2022,C,88,2.639
8471686,2022,D,103,-0.069
8475784,2022,L,79,3.678
8475786,2022,L,91,5.032
8475789,2022,G,40,0
8475790,2022,D,70,0.135
8475791,2022,L,68,1.932
8475793,2022,C,55,0.502
8471698,2022,R,58,1.13
8471699,2022,C,83,0.13
8475794,2022,C,95,2.376
8475797,2022,D,44,0.107
8475798,2022,C,79,1.278
8475799,2022,R,83,1.699
8475795,2022,D,6,0.005
8471709,2022,D,78,0.299
8475809,2022,G,24,0
8475810,2022,R,81,1.693
8471724,2022,D,64,1.618
8475825,2022,D,97,0.394
8471734,2022,G,41,0
8475831,2022,G,53,0
8475842,2022,C,52,-0.1
8479941,2022,R,6,0.107
8475848,2022,R,37,0.41
8479944,2022,L,83,-0.04
8479945,2022,D,51,0.416
8475852,2022,G,39,0
8475855,2022,R,95,0.79
8475857,2022,D,23,-0.083
8471774,2022,G,27,0
8479968,2022,C,1,-0.01
8479972,2022,C,59,0.256
8479973,2022,G,62,0
8479976,2022,D,78,1.19
8479977,2022,R,70,0.79
8479979,2022,G,81,0
8479980,2022,D,103,0.594
8475883,2022,G,43,0
8479981,2022,L,35,0.027
8479983,2022,D,72,0.024
8479984,2022,D,50,0
8479985,2022,D,12,-0.021
8471794,2022,C,12,-0.083
8479982,2022,D,27,0.55
8479987,2022,C,82,1.176
8479991,2022,C,35,-0.35
8479992,2022,C,56,0.994
8479994,2022,C,50,0.171
8479996,2022,C,72,1.141
8479998,2022,D,83,0.379
8479999,2022,C,82,1.875
8480001,2022,D,23,-0.071
8480002,2022,C,93,4.07
8475906,2022,D,71,1.319
8480003,2022,C,76,0.378
8480007,2022,R,13,-0.042
8480008,2022,C,44,0.571
8480009,2022,R,75,1.065
8471817,2022,R,79,-0.009
8480011,2022,C,69,0.743
8475913,2022,R,65,3.127
8480012,2022,C,80,4.979
8480014,2022,C,68,2.025
8480015,2022,R,77,1.824
8480018,2022,C,82,2.286
8480021,2022,C,48,-0.046
8480023,2022,C,73,2.151
8480025,2022,R,66,-0.324
8480027,2022,L,101,6.241
8480028,2022,C,81,1.483
8484125,2022,C,12,-0.066
8480031,2022,L,64,0.073
8480032,2022,C,1,0.005
8480034,2022,L,2,0.025
8480035,2022,D,60,-0.058
8480036,2022,D,98,3.445
8480037,2022,C,10,0.091
8480039,2022,C,97,2.882
8480041,2022,D,2,-0.021
8480042,2022,G,1,0
8480043,2022,D,72,0.457
8480045,2022,G,33,0
8480049,2022,D,68,-0.093
8480051,2022,G,3,0
8480056,2022,D,11,0.031
8480058,2022,D,75,0.605
8475968,2022,R,31,0.441
8480064,2022,C,8,0.129
8471873,2022,D,8,-0.072
8480068,2022,C,53,0.755
8480069,2022,D,66,3.201
8480070,2022,D,35,0.133
8480071,2022,D,11,0.15
8480072,2022,C,1,-0.01
8480073,2022,D,74,0.457
8480078,2022,C,81,1.787
8471887,2022,R,22,0.141
8480084,2022,D,4,-0.021
8480113,2022,L,65,1.505
8480144,2022,C,93,1.442
8480145,2022,D,87,1.435
8480157,2022,D,49,0.59
8484254,2022,D,7,0.084
8480160,2022,D,44,-0.028
8484256,2022,D,5,-0.001
8480172,2022,D,56,-0.044
8480184,2022,D,36,0.09
8480185,2022,C,98,1.328
8480188,2022,L,67,0.617
8484287,2022,D,5,0.045
8480192,2022,D,77,0.291
8480193,2022,G,17,0
8480196,2022,D,59,0.074
8480199,2022,G,2,0
8480205,2022,C,55,0.716
8480208,2022,R,82,2.652
8480216,2022,C,12,0.272
8480220,2022,L,82,1.192
8480222,2022,D,77,0.69
8480226,2022,R,3,-0.002
8467950,2022,G,26,0
8480238,2022,G,2,0
8480242,2022,L,4,-0.016
8480245,2022,R,8,-0.051
8480246,2022,D,75,0.84
8480252,2022,C,14,0.141
8476166,2022,D,4,-0.008
8480263,2022,G,2,0
8480267,2022,C,9,0.077
8480275,2022,R,1,-0.013
8480280,2022,G,39,0
8480281,2022,R,69,0.326
8480289,2022,C,75,0.503
8480292,2022,R,14,-0.027
8480313,2022,G,37,0
8480326,2022,C,63,0.301
8480328,2022,R,4,-0.004
8476234,2022,G,2,0
8480336,2022,D,72,0.333
8480355,2022,C,65,0.533
8476278,2022,C,53,0.021
8480382,2022,G,69,0
8476292,2022,L,61,0.934
8476310,2022,C,30,0.271
8476312,2022,D,32,0.307
8476316,2022,G,19,0
8480420,2022,G,20,0
8476326,2022,R,62,0.168
8476329,2022,C,82,0.71
8476331,2022,D,80,0.886
8480434,2022,D,78,1.385
8476341,2022,G,28,0
8480439,2022,D,6,0.076
8480441,2022,R,9,-0.003
8476346,2022,L,80,3.072
8480443,2022,C,2,0.031
8480448,2022,C,55,-0.422
8480459,2022,C,79,0.525
8480467,2022,D,5,-0.042
8476372,2022,D,77,0.381
8480468,2022,L,10,-0.091
8476374,2022,C,71,0.852
8476389,2022,C,89,1.999
8476390,2022,C,4,0.015
8476392,2022,C,87,1.652
8476393,2022,C,100,0.839
8476396,2022,C,2,-0.021
8476399,2022,L,82,1.344
8476404,2022,C,3,0.012
8476410,2022,L,51,0.38
8476412,2022,G,61,0
8476419,2022,C,76,1.229
8476422,2022,D,10,-0.003
8476429,2022,D,88,0.551
8476432,2022,C,68,1.718
8476433,2022,G,18,0
8476434,2022,G,53,0
8476438,2022,L,71,1.193
8476439,2022,R,50,0.218
8476441,2022,D,61,0.166
8476442,2022,L,88,0.355
8476448,2022,C,104,2.633
8476449,2022,D,45,0.171
8476453,2022,R,88,5.204
8476454,2022,C,94,5.504
8476456,2022,L,79,2.134
8476457,2022,D,96,0.983
8476458,2022,C,82,0.893
8476459,2022,C,89,4.476
8476460,2022,C,85,2.488
8476462,2022,D,94,3.379
8476463,2022,D,66,0.058
8476467,2022,D,89,0.708
8476468,2022,C,81,3.346
8476469,2022,R,43,0.238
8476470,2022,D,52,-0.219
8476473,2022,D,80,0.057
8476474,2022,R,93,1.617
8476479,2022,C,88,1.939
8476480,2022,C,82,0.655
8476483,2022,R,82,2.695
8480979,2022,C,4,-0.045
8476525,2022,D,89,0.484
8476539,2022,R,98,3.548
8476624,2022,C,89,0.669
8480727,2022,D,81,0.511
8480748,2022,L,32,0.311
8480762,2022,L,72,0.468
8480776,2022,R,1,-0.013
8480789,2022,R,35,0.374
8480796,2022,D,67,0.596
8480797,2022,L,82,0.89
8480798,2022,C,70,0.35
8480800,2022,D,78,3.048
8480801,2022,L,82,3.478
8480802,2022,C,69,0.672
8480803,2022,D,94,2.376
8480806,2022,C,61,0.089
8480807,2022,D,55,0.036
8480813,2022,C,81,0.024
8480817,2022,D,86,1.42
8480820,2022,D,2,-0.013
8480821,2022,R,30,0.043
8480822,2022,R,36,0.047
8480823,2022,D,32,0.023
8480829,2022,C,97,1.395
8480830,2022,R,64,2.683
8480831,2022,D,4,-0.065
8480833,2022,R,44,0
8480835,2022,C,51,0.268
8480836,2022,L,3,-0.006
8480839,2022,D,78,3.274
8480842,2022,C,2,-0.014
8480843,2022,G,19,0
8480844,2022,L,19,-0.008
8480845,2022,C,72,0.069
8480846,2022,L,6,-0.04
8480848,2022,C,97,0.394
8480849,2022,C,82,1.421
8480853,2022,C,62,0.112
8480855,2022,C,82,0.696
8480860,2022,D,53,0.109
8480863,2022,L,1,-0.016
8480865,2022,D,84,2.127
8480867,2022,G,3,0
8480870,2022,C,2,0.008
8480871,2022,D,46,0.925
8480873,2022,D,71,1.285
8480874,2022,D,1,-0.012
8476779,2022,D,48,0.227
8480878,2022,D,60,0.487
8480879,2022,D,19,-0.072
8480880,2022,C,26,0.235
8480883,2022,D,9,0.17
8480884,2022,D,62,0.984
8480887,2022,D,65,0.442
8476792,2022,D,63,1.322
8480890,2022,C,2,-0.022
8480891,2022,D,9,0.074
8480893,2022,R,59,0.841
8480901,2022,C,1,0.585
8480913,2022,D,15,0.08
8476822,2022,C,87,-0.095
8476826,2022,C,95,1.778
8480925,2022,G,16,0
8480935,2022,D,17,0.082
8476850,2022,D,13,0.081
8480947,2022,G,19,0
8476851,2022,C,11,-0.099
8476853,2022,D,76,2.207
8476854,2022,D,87,2.062
8480950,2022,D,68,0.282
8476856,2022,D,85,-0.156
8476858,2022,L,30,0.288
8476867,2022,C,5,-0.017
8476869,2022,D,96,1.351
8476871,2022,L,14,0.026
8476872,2022,C,78,1.338
8476873,2022,L,50,0.313
8476874,2022,D,78,0.609
8476875,2022,D,48,1.367
8476878,2022,C,80,0.515
8476879,2022,D,92,0.09
8476880,2022,R,33,0.81
8476881,2022,C,79,1.942
8476882,2022,C,74,1.105
8476883,2022,G,66,0
8480980,2022,C,87,0.436
8476885,2022,D,89,1.063
8480977,2022,C,1,-0.017
8476887,2022,L,50,1.757
8476884,2022,D,8,0.017
8476889,2022,C,100,0.275
8480981,2022,G,6,0
8476891,2022,D,79,0.695
8476892,2022,D,79,0.7
8476897,2022,C,68,0.95
8480994,2022,C,1,0.028
8480995,2022,R,37,0.289
8476899,2022,G,26,0
8476902,2022,D,101,0.823
8476903,2022,G,3,0
8476905,2022,C,103,2.207
8476906,2022,D,90,1.673
8476907,2022,L,8,0.002
8481006,2022,D,26,0.035
8476913,2022,C,47,0.18
8476914,2022,G,45,0
8476915,2022,L,51,0.185
8481013,2022,R,67,0.673
8476917,2022,D,67,0.568
8476918,2022,L,88,0.764
8481014,2022,D,80,0.564
8476921,2022,L,97,1.247
8476919,2022,C,36,0.18
8476923,2022,D,93,0.988
8481019,2022,C,49,-0.186
8476925,2022,C,82,1.318
8481020,2022,G,2,0
8476927,2022,C,69,0.659
8476931,2022,D,87,0.786
8476932,2022,G,19,0
8476934,2022,L,75,0.159
8481031,2022,G,7,0
8481032,2022,L,55,0.419
8481033,2022,G,27,0
8481035,2022,G,12,0
8476941,2022,D,1,0.052
8476945,2022,G,69,0
8481043,2022,L,17,-0.085
8476948,2022,L,9,-0.041
8476952,2022,C,5,0.027
8476958,2022,D,91,1.009
8476960,2022,C,81,1.198
8481056,2022,D,8,0.03
8481058,2022,R,37,0.428
8476967,2022,D,94,0.485
8481068,2022,C,78,0.997
8481070,2022,L,1,0.005
8481072,2022,D,59,-0.326
8476979,2022,D,72,1.718
8476981,2022,R,69,1.052
8481077,2022,L,6,-0.026
8476988,2022,D,77,0.598
8476994,2022,C,26,0.291
8481093,2022,L,34,0.799
8476999,2022,G,55,0
8481102,2022,L,5,0.087
8477015,2022,R,4,-0.068
8477018,2022,D,33,0.339
8477021,2022,C,93,0.726
8481122,2022,D,78,-0.168
8477034,2022,D,54,0.265
8481147,2022,C,57,-0.256
8481161,2022,D,24,0.034
8477070,2022,C,56,-0.259
8481167,2022,D,11,0.037
8477073,2022,L,44,-0.035
8481178,2022,D,14,0.125
8481186,2022,R,89,0.234
8477126,2022,C,55,-0.051
8481239,2022,L,9,0.082
8477180,2022,G,4,0
8477210,2022,R,9,0.047
8477220,2022,D,76,0.54
8477244,2022,D,47,-0.089
8477293,2022,G,33,0
8477320,2022,L,14,-0.109
8481422,2022,C,11,-0.04
8477330,2022,L,81,1.668
8477335,2022,D,48,0.074
8481433,2022,L,3,-0.039
8477341,2022,L,13,0.039
8481441,2022,C,12,0.101
8477346,2022,D,81,1.08
8477353,2022,C,69,0.647
8477357,2022,R,69,-0.143
8477359,2022,D,3,0.031
8477361,2022,G,10,0
8481461,2022,D,7,0.029
8477365,2022,D,81,0.819
8477369,2022,D,92,0.361
8477380,2022,C,17,-0.063
8481477,2022,C,74,0.824
8477384,2022,D,68,-0.092
8481481,2022,C,84,1.03
8477392,2022,R,55,0.615
8477401,2022,C,7,0.085
8477402,2022,L,63,2.614
8477404,2022,C,78,3.58
8477406,2022,C,71,0.499
8477407,2022,L,40,0.72
8477409,2022,C,102,3.909
8477416,2022,R,95,1.88
8481517,2022,R,54,-0.154
8481518,2022,L,6,0.01
8481519,2022,G,21,0
8477424,2022,G,64,0
8481521,2022,D,2,0.008
8477425,2022,L,84,0.822
8477426,2022,L,86,0.686
8481524,2022,D,49,1.056
8481523,2022,C,58,1.285
8481522,2022,C,74,0.522
8477429,2022,C,82,1.13
8481528,2022,C,81,2.908
8477433,2022,D,42,0.095
8481527,2022,D,10,0.069
8477435,2022,D,88,0.785
8481532,2022,C,4,-0.033
8481533,2022,C,81,2.274
8481535,2022,L,25,0.164
8481537,2022,D,10,0.01
8481540,2022,R,46,1.671
8481541,2022,D,19,0.046
8477444,2022,L,49,1.383
8481543,2022,C,28,0.287
8481544,2022,G,19,0
8477446,2022,C,32,-0.054
8477447,2022,D,76,2.376
8481542,2022,D,82,1.482
8477450,2022,C,78,0.698
8477451,2022,R,64,1.593
8477454,2022,L,61,0.062
8481550,2022,L,9,-0.059
8477456,2022,L,89,2.167
8481546,2022,D,54,0.521
8481554,2022,R,89,1.324
8477460,2022,C,21,-0.084
8481557,2022,L,87,2.704
8477462,2022,D,38,0.178
8481559,2022,C,90,5.633
8481560,2022,R,58,1.163
8477465,2022,G,47,0
8477464,2022,C,10,0.08
8481563,2022,D,3,0.043
8477467,2022,D,3,-0.007
8477463,2022,D,4,0.042
8477471,2022,D,3,-0.018
8481568,2022,D,6,-0.004
8481567,2022,D,8,0.053
8481572,2022,D,10,-0.003
8477476,2022,L,71,1.973
8477478,2022,L,74,1.119
8481575,2022,D,2,-0.026
8477479,2022,L,57,1.54
8481577,2022,R,31,0.556
8477480,2022,G,19,0
8477482,2022,L,16,-0.011
8477484,2022,G,29,0
8481581,2022,D,25,0.486
8481580,2022,L,6,-0.053
8481582,2022,L,15,0.17
8477488,2022,D,97,0.98
8481585,2022,L,17,-0.093
8477492,2022,C,78,5.784
8477493,2022,C,89,3.639
8477494,2022,L,58,0.709
8477495,2022,D,72,1.495
8477496,2022,C,80,3.054
8477497,2022,C,25,0.653
8477498,2022,D,93,1.702
8477499,2022,D,74,0.521
8477500,2022,C,85,2.957
8477501,2022,R,55,2.2
8481596,2022,C,82,1.212
8477503,2022,C,99,2.12
8477504,2022,D,81,3.325
8477505,2022,C,96,1.131
8477506,2022,D,88,0.776
8477507,2022,D,82,0.559
8477508,2022,C,55,-0.083
8481601,2022,R,50,0.004
8481606,2022,D,6,0.06
8477511,2022,R,67,0.694
8481599,2022,D,30,0.147
8481609,2022,D,2,-0.03
8481604,2022,R,18,0.535
8473419,2022,L,80,3.15
8481611,2022,G,25,0
8481605,2022,D,2,-0.013
8473422,2022,L,66,0.696
8477520,2022,C,4,-0.052
8481617,2022,R,39,-0.101
8481618,2022,C,89,0.661
8477527,2022,L,16,-0.086
8481624,2022,R,46,1.088
8477541,2022,D,2,-0.021
8473446,2022,D,70,0.056
8473449,2022,R,75,0.847
8481641,2022,L,85,-0.151
8473453,2022,C,82,0.343
8481649,2022,L,7,-0.002
8481656,2022,L,58,0.329
8473473,2022,L,77,0.077
8481668,2022,G,5,0
8477573,2022,L,56,-0.008
8481679,2022,D,1,-0.006
8481683,2022,L,6,-0.037
8481690,2022,C,2,0.038
8481692,2022,G,1,0
8473503,2022,G,43,0
8473504,2022,R,55,-0.112
8473507,2022,D,61,1.062
8473512,2022,R,82,3.51
8481704,2022,C,45,0.635
8481708,2022,D,16,0.007
8481711,2022,L,64,1.532
8481712,2022,R,6,0.001
8481720,2022,C,2,0.099
8473533,2022,C,96,1.878
8481725,2022,L,21,0.276
8473544,2022,C,62,0.692
8473548,2022,R,86,1.172
8481740,2022,R,2,-0.023
8481751,2022,R,2,0.098
8481754,2022,C,9,-0.012
8473563,2022,C,39,0.673
8473575,2022,G,23,0
8481789,2022,L,10,0.108
8473604,2022,C,53,0.708
8481812,2022,D,12,-0.06
8477810,2022,D,39,-0.053
8477831,2022,G,38,0
8477839,2022,L,82,0.993
8477845,2022,D,75,0.638
8477846,2022,C,22,-0.01
8477851,2022,D,52,0.185
8477887,2022,C,61,-0.037
8477903,2022,R,91,0.361
8477919,2022,C,88,2.252
8477930,2022,L,79,0.268
8477931,2022,L,73,0.666
8477932,2022,D,91,1.827
8477933,2022,C,103,3.796
8477934,2022,C,92,6.299
8477935,2022,C,83,2.292
8477938,2022,D,30,-0.025
8477939,2022,R,93,4.793
8477940,2022,L,46,1.669
8477941,2022,L,74,0.688
8477942,2022,L,72,3.865
8477944,2022,L,25,0.692
8477946,2022,C,80,3.29
8477947,2022,L,64,0.937
8477948,2022,D,81,0.558
8477949,2022,R,74,3.553
8477950,2022,D,70,1.679
8477951,2022,C,63,2.292
8477952,2022,C,28,0.35
8477953,2022,R,66,1.067
8477955,2022,L,87,2.922
8477956,2022,R,89,6.08
8482055,2022,L,46,0.261
8477960,2022,R,88,3.58
8477962,2022,L,45,-0.048
8477964,2022,L,104,1.997
8482062,2022,R,69,0.102
8477967,2022,G,32,0
8477968,2022,G,15,0
8477969,2022,D,68,0.67
8477970,2022,G,59,0
8477971,2022,D,47,0.021
8482067,2022,D,30,0.208
8482073,2022,D,88,0.524
8477979,2022,R,53,0.019
8477981,2022,D,6,-0.064
8482077,2022,L,51,-0.009
8482079,2022,C,19,-0.206
8482078,2022,L,74,1.627
8482081,2022,C,6,-0.028
8477986,2022,D,101,3.866
8477987,2022,C,85,0.797
8477989,2022,C,64,0.84
8482087,2022,D,44,0.535
8477992,2022,G,3,0
8482089,2022,L,43,0.033
8477993,2022,C,7,-0.049
8482092,2022,C,20,0.193
8482093,2022,R,97,1.803
8477998,2022,L,79,1.152
8482095,2022,D,8,0.084
8482097,2022,R,75,1.515
8482101,2022,L,2,0.116
8478007,2022,G,30,0
8482105,2022,D,77,1.097
8478010,2022,C,88,4.785
8478009,2022,G,68,0
8482109,2022,L,88,0.935
8482110,2022,C,94,2.66
8478013,2022,D,63,0.602
8482111,2022,D,39,0.443
8478017,2022,D,23,0.18
8482113,2022,C,94,1.265
8478020,2022,R,83,1.288
8482116,2022,C,78,4.302
8482117,2022,L,23,0.527
8478024,2022,G,56,0
8482122,2022,D,8,-0.055
8482124,2022,R,59,0.675
8482125,2022,R,19,0.042
8478028,2022,L,30,-0.032
8482133,2022,C,8,-0.03
8478038,2022,D,87,2.32
8478039,2022,G,37,0
8482137,2022,G,1,0
8478042,2022,L,83,2.821
8478043,2022,C,79,0.752
8482142,2022,D,8,-0.078
8478047,2022,L,89,2.104
8478046,2022,L,65,0.778
8478048,2022,G,65,0
8482146,2022,R,24,0.561
8478051,2022,C,9,-0.097
8482147,2022,C,9,-0.097
8482149,2022,C,51,0.969
8478055,2022,D,103,1.461
8478057,2022,C,79,0.359
8478058,2022,L,1,-0.007
8482157,2022,L,4,-0.041
8478062,2022,D,15,-0.091
8482159,2022,R,8,0.286
8478067,2022,L,73,0.093
8478075,2022,L,14,0.213
8478078,2022,C,6,-0.01
8482175,2022,R,77,0.801
8482176,2022,D,9,0.1
8473986,2022,L,88,2.835
8482179,2022,C,2,0.021
8482181,2022,C,3,-0.034
8473994,2022,L,99,3.397
8482192,2022,D,16,0.152
8478099,2022,R,72,0.889
8482197,2022,R,3,-0.049
8478104,2022,L,71,0.514
8474009,2022,C,62,0.584
8478109,2022,L,75,1.534
8474013,2022,D,84,0.283
8482207,2022,R,1,-0.011
8478115,2022,L,82,0.803
8474027,2022,D,51,-0.331
8482221,2022,G,7,0
8482222,2022,L,68,1.692
8474031,2022,D,75,0.657
8474034,2022,L,86,-0.16
8478131,2022,R,1,-0.017
8478133,2022,C,54,0.659
8474037,2022,L,61,1.093
8478136,2022,D,85,0.332
8474040,2022,C,48,0.242
8482241,2022,L,10,-0.01
8478146,2022,C,2,-0.03
8478147,2022,L,5,-0.06
8474053,2022,C,82,3.19
8482245,2022,D,53,0.074
8482250,2022,C,2,-0.014
8482259,2022,C,10,-0.027
8478173,2022,R,1,-0.006
8478178,2022,D,23,0.083
8474089,2022,C,10,-0.082
8474090,2022,D,63,0.038
8474102,2022,L,82,2.204
8478211,2022,L,37,-0.223
8478224,2022,C,3,0.006
8478233,2022,L,82,1.718
8474141,2022,R,80,2.152
8474145,2022,D,43,0.009
8474149,2022,L,89,1.192
8474150,2022,C,82,2.464
8474151,2022,D,71,0.429
8474157,2022,L,5,0.171
8474161,2022,R,11,0.224
8474162,2022,D,4,0.032
8474166,2022,D,99,0.514
8474189,2022,C,91,0.358
8474190,2022,R,18,-0.057
8474207,2022,D,65,0.434
8482399,2022,D,9,-0.017
8474218,2022,D,1,-0.002
8482447,2022,G,2,0
8482448,2022,D,2,-0.024
8482451,2022,L,2,0.004
8482452,2022,L,4,-0.044
8478366,2022,R,81,1.353
8478367,2022,C,1,-0.022
8478373,2022,R,3,-0.005
8482475,2022,R,30,0.246
8478396,2022,D,81,1.247
8478397,2022,D,79,2.044
8478398,2022,L,87,3.656
8478399,2022,D,91,0.634
8482496,2022,C,68,0.183
8478401,2022,C,89,2.133
8478402,2022,C,94,9.729
8478403,2022,C,89,4.1
8478400,2022,C,89,0.172
8478406,2022,G,22,0
8478407,2022,D,95,2.831
8478408,2022,D,11,-0.03
8478409,2022,C,13,0.111
8478413,2022,L,62,-0.136
8478414,2022,R,89,3.158
8478415,2022,D,22,0.118
8478416,2022,D,71,0.365
8478420,2022,R,89,4.68
8478421,2022,L,61,0.195
8482516,2022,D,2,-0.009
8478424,2022,C,22,0.013
8478427,2022,C,90,3.468
8478431,2022,L,59,0.054
8478432,2022,R,80,0.465
8478433,2022,G,20,0
8478434,2022,R,96,-0.117
8478435,2022,G,27,0
8478438,2022,C,51,1.81
8478439,2022,R,60,2.616
8478440,2022,C,81,2.265
8478443,2022,D,82,0.582
8478444,2022,R,74,2.166
8478445,2022,C,64,1.922
8478446,2022,C,3,0
8478449,2022,C,92,4.681
8478450,2022,D,12,-0.033
8478451,2022,D,61,0.389
8478452,2022,D,73,0.168
8478454,2022,D,12,-0.063
8478455,2022,L,7,0.025
8478458,2022,C,77,1.127
8478460,2022,D,13,0.36
8478462,2022,C,87,1.616
8478463,2022,R,82,1.227
8478465,2022,D,17,0.019
8478466,2022,R,76,1.969
8478468,2022,D,67,0.171
8478469,2022,D,68,1.576
8478470,2022,G,40,0
8478472,2022,R,56,0.335
8478474,2022,L,77,1.359
8478476,2022,D,15,0.034
8478483,2022,R,91,4.537
8478491,2022,D,7,-0.043
8478492,2022,G,51,0
8478493,2022,C,79,2.681
8478495,2022,R,66,0.255
8478498,2022,L,71,3.007
8478499,2022,G,43,0
8478500,2022,D,82,0.473
8478502,2022,D,23,0.127
8478506,2022,D,6,0.072
8478507,2022,D,76,0.46
8478508,2022,C,77,0.347
8478512,2022,C,29,0.055
8478519,2022,C,64,1.584
8482623,2022,C,8,-0.101
8482624,2022,D,14,0.234
8482634,2022,C,3,-0.022
8482635,2022,L,8,-0.118
8478542,2022,C,76,1.691
8482641,2022,D,20,0.125
8478550,2022,L,89,3.653
8482652,2022,R,27,0.33
8482654,2022,C,5,-0.024
8482655,2022,D,82,0.82
8482660,2022,C,79,1.251
8482665,2022,C,94,2.287
8478569,2022,C,88,0.754
8482667,2022,L,8,0.054
8482671,2022,D,79,1.157
8482679,2022,R,1,-0.013
8478585,2022,C,91,0.714
8482684,2022,D,5,0.177
8482691,2022,C,15,0.001
8482699,2022,R,33,0.339
8482705,2022,C,64,-0.28
8482711,2022,D,2,0.025
8482712,2022,R,1,-0.01
8482720,2022,L,10,0.145
8482730,2022,D,9,0.073
8482740,2022,C,101,1.616
8482745,2022,C,80,1.843
8474563,2022,D,87,2.15
8474564,2022,C,87,3.698
8474565,2022,D,94,2.714
8474567,2022,D,51,0.039
8474568,2022,D,81,0.676
8482762,2022,D,9,0.021
8474573,2022,R,64,0.385
8474574,2022,D,78,0.126
8474578,2022,D,82,4.454
8474586,2022,R,96,2.535
8474590,2022,D,40,1.328
8474593,2022,G,59,0
8474596,2022,G,42,0
8474600,2022,D,67,2.792
8474602,2022,D,87,1.478
8474610,2022,C,27,0.098
8474612,2022,D,75,0.624
8474613,2022,C,84,0.235
8474618,2022,D,20,-0.089
8482821,2023,G,32,0
8474636,2023,G,1,0
8474641,2023,C,99,2.012
8482858,2023,D,36,0.189
8482859,2023,C,7,-0.07
8482861,2023,D,7,-0.027
8474673,2023,D,79,0.666
8474679,2023,R,87,3.236
8470594,2023,G,40,0
8470600,2023,D,101,0.144
8470604,2023,C,72,0.101
8470610,2023,L,41,0.393
8470613,2023,D,93,1.655
8474709,2023,L,60,-0.085
8474715,2023,R,70,0.864
8474716,2023,D,16,0.096
8470621,2023,R,73,0.757
8478831,2023,C,105,0.131
8482929,2023,D,42,0.018
8478840,2023,D,82,0.662
8478851,2023,D,79,0.606
8478854,2023,D,31,-0.156
8478856,2023,R,95,1.999
8478859,2023,D,106,0.285
8478864,2023,L,75,4.561
8482964,2023,D,44,0.13
8478872,2023,G,38,0
8478873,2023,R,76,1.851
8478874,2023,R,2,-0.032
8478881,2023,L,4,-0.063
8478882,2023,D,82,0.451
8482982,2023,G,9,0
8478891,2023,C,87,0.701
8478904,2023,C,54,-0.03
8478905,2023,G,3,0
8478911,2023,D,86,0.853
8478916,2023,G,50,0
8483012,2023,C,4,-0.004
8483045,2023,R,1,-0.001
8478956,2023,L,2,-0.016
8478965,2023,G,1,0
8474870,2023,C,67,0.824
8478970,2023,D,83,0.873
8478971,2023,G,50,0
8478975,2023,L,94,2.135
8474884,2023,C,66,0.411
8474889,2023,G,22,0
8470794,2023,C,101,2.882
8479026,2023,D,5,-0.046
8479066,2023,L,83,-0.42
8470966,2023,D,46,0.2
8479193,2023,G,31,0
8475149,2023,L,78,0.474
8475151,2023,C,87,2.626
8479249,2023,C,2,-0.022
8475158,2023,C,88,2.864
8475164,2023,R,81,0.094
8475166,2023,C,87,2.882
8475167,2023,D,83,3.587
8475168,2023,C,99,2.609
8475169,2023,L,97,1.732
8475170,2023,C,82,1.383
8475171,2023,D,104,1.244
8475172,2023,C,82,3.161
8475177,2023,D,60,0.104
8475179,2023,D,100,0.556
8475181,2023,D,82,0.558
8475184,2023,L,98,4.12
8475188,2023,D,89,0.972
8475191,2023,R,76,1.559
8475193,2023,L,70,0.545
8479291,2023,C,33,-0.138
8479292,2023,G,54,0
8475197,2023,D,42,0.462
8479293,2023,L,66,0.048
8475200,2023,D,93,1.041
8483395,2023,L,8,-0.125
8483397,2023,C,1,0.059
8483398,2023,D,1,-0.002
8475208,2023,D,80,0.209
8483401,2023,R,1,-0.007
8483407,2023,D,1,-0.012
8479312,2023,G,44,0
8479314,2023,L,104,5.234
8475218,2023,D,104,2.352
8475220,2023,L,55,0.379
8479316,2023,C,77,0
8479318,2023,C,86,5.794
8479315,2023,R,55,0.103
8479320,2023,D,7,0.035
8475225,2023,C,89,0.295
8479321,2023,D,8,0.02
8479323,2023,D,88,3.508
8479324,2023,D,92,0.307
8479325,2023,D,87,2.245
8475231,2023,C,75,0.54
8479328,2023,R,27,0.27
8475233,2023,D,60,0.747
8479330,2023,C,7,0.018
8475235,2023,L,60,-0.424
8483431,2023,C,82,1.399
8479336,2023,R,55,0.169
8479337,2023,R,82,2.772
8483432,2023,C,1,0.061
8479339,2023,L,18,0.299
8479343,2023,R,78,3.05
8479344,2023,R,22,0.03
8479345,2023,D,82,1.635
8479346,2023,C,43,-0.083
8479348,2023,D,3,0.022
8483445,2023,L,1,0.042
8479351,2023,C,96,0.436
8479353,2023,C,79,0.255
8479359,2023,L,85,-0.025
8479361,2023,G,28,0
8479362,2023,L,5,0.056
8483457,2023,D,2,0.091
8483460,2023,D,43,0.19
8479365,2023,C,95,1.423
8479367,2023,R,26,-0.188
8479368,2023,L,52,0.339
8479369,2023,D,44,0.262
8483466,2023,D,76,-0.114
8479371,2023,D,59,0.313
8479372,2023,D,30,0.313
8479370,2023,C,43,-0.116
8483468,2023,C,1,-0.02
8475279,2023,D,77,0.477
8479376,2023,D,1,-0.005
8475278,2023,C,16,-0.097
8479378,2023,D,28,0.029
8479379,2023,R,36,-0.09
8483471,2023,C,1,0.053
8479383,2023,L,59,0.19
8475287,2023,L,76,1.252
8479385,2023,R,82,2.779
8483482,2023,D,7,0.106
8479390,2023,R,73,-0.199
8479393,2023,L,65,0.117
8483489,2023,C,4,-0.053
8479394,2023,G,26,0
8483490,2023,D,63,0.998
8483491,2023,L,22,0.154
8479398,2023,D,68,0.463
8483495,2023,D,60,0.449
8479400,2023,C,87,1.353
8483493,2023,C,3,-0.009
8479402,2023,D,72,0.134
8483499,2023,L,4,0.058
8479406,2023,G,45,0
8471214,2023,L,83,2.392
8471215,2023,C,82,2.508
8479407,2023,L,82,3.673
8483505,2023,C,33,0.531
8479410,2023,D,36,0.745
8471218,2023,R,55,0.594
8475314,2023,L,86,1.548
8479414,2023,R,54,0.193
8479415,2023,C,45,0.783
8475311,2023,G,33,0
8483512,2023,C,1,-0.006
8483515,2023,L,82,1.645
8479420,2023,C,71,2.582
8475324,2023,D,79,0.112
8479419,2023,L,2,-0.03
8479423,2023,L,28,0.675
8479421,2023,D,24,-0.065
8479425,2023,D,94,1.816
8483524,2023,C,8,0.192
8483531,2023,L,2,-0.019
8475343,2023,C,68,0.711
8479439,2023,D,34,0.301
8479442,2023,D,54,-0.157
8483546,2023,D,2,-0.014
8483549,2023,L,3,-0.002
8479458,2023,D,38,0.087
8471274,2023,D,36,0.223
8483565,2023,D,12,-0.019
8483567,2023,C,4,-0.019
8483570,2023,C,23,-0.071
8477496,2023,C,88,1.652
8483575,2023,G,1,0
8477497,2023,C,88,2.235
8477500,2023,C,86,2.61
8479496,2023,G,26,0
8483597,2023,L,10,-0.051
8475413,2023,C,2,0.056
8477503,2023,C,87,1.79
8483609,2023,R,6,0
8479514,2023,C,9,-0.047
8479520,2023,L,91,-0.061
8479522,2023,D,6,0.005
8483619,2023,D,4,-0.045
8479525,2023,C,91,1.5
8479533,2023,L,4,-0.023
8483630,2023,L,5,-0.062
8479536,2023,L,27,0.06
8479542,2023,L,87,3.212
8479543,2023,L,61,0.013
8479546,2023,C,34,-0.26
8479547,2023,R,31,0.008
8475455,2023,D,80,0.462
8475462,2023,D,66,0.352
8479576,2023,D,94,0.079
8479587,2023,C,1,-0.009
8479591,2023,C,86,0.392
8481592,2023,L,13,0.031
8479619,2023,L,74,0.928
8479638,2023,R,28,0.286
8479639,2023,D,1,0.001
8479661,2023,L,59,0.171
8483763,2023,D,1,-0.015
8479671,2023,R,54,0.064
8479675,2023,L,87,2.499
8483808,2023,L,72,1.828
8479718,2023,C,36,0.209
8475660,2023,G,57,0
8479772,2023,R,30,-0.056
8475683,2023,G,82,0
8475690,2023,D,94,0.495
8475692,2023,R,69,2.561
8475714,2023,C,59,0.581
8475717,2023,G,26,0
8475718,2023,D,38,-0.006
8475722,2023,L,75,1.144
8475726,2023,C,84,2.519
8483920,2023,R,3,-0.02
8475744,2023,C,73,0.836
8475745,2023,C,95,2.742
8475750,2023,D,65,0.174
8475752,2023,C,34,-0.119
8475753,2023,D,60,1.034
8475754,2023,C,87,3.143
8475755,2023,D,8,-0.052
8475760,2023,C,76,1.999
8475762,2023,D,38,-0.039
8475763,2023,R,79,0.715
8475764,2023,D,81,1.023
8475765,2023,R,100,2.398
8475766,2023,L,33,-0.046
8475768,2023,L,62,0.825
8471675,2023,C,82,3.946
8471677,2023,D,91,0.22
8475780,2023,R,15,-0.015
8471685,2023,C,86,2.459
8471686,2023,D,35,0.04
8475784,2023,L,74,1.906
8475786,2023,L,105,5.611
8475789,2023,G,5,0
8475790,2023,D,78,0.658
8475791,2023,L,10,0.043
8475793,2023,C,63,0.502
8475794,2023,C,87,2.586
8471698,2023,R,56,0.912
8471699,2023,C,86,0.692
8475797,2023,D,52,0.094
8475798,2023,C,69,2.099
8475799,2023,R,82,1.172
8475795,2023,D,7,0.013
8471709,2023,D,57,0.225
8475809,2023,G,32,0
8475810,2023,R,62,2.532
8471724,2023,D,82,1.879
8475825,2023,D,64,0.202
8471734,2023,G,27,0
8475831,2023,G,36,0
8475839,2023,G,1,0
8475842,2023,C,87,0.454
8479941,2023,R,71,0.757
8475848,2023,R,77,1.016
8479944,2023,L,3,-0.008
8475852,2023,G,56,0
8475855,2023,R,73,0.376
8479968,2023,C,46,0.058
8479972,2023,C,20,-0.013
8479973,2023,G,82,0
8479976,2023,D,68,0.332
8479977,2023,R,59,0.542
8479979,2023,G,73,0
8479980,2023,D,74,0.116
8479981,2023,L,39,-0.052
8475883,2023,G,26,0
8479983,2023,D,78,0.227
8479984,2023,D,4,0.008
8479985,2023,D,1,0.005
8479986,2023,R,1,-0.016
8479987,2023,C,89,1.055
8479982,2023,D,25,0.409
8479991,2023,C,1,-0.003
8479992,2023,C,75,0.858
8479994,2023,C,31,-0.096
8479996,2023,C,41,0.506
8479998,2023,D,79,0.517
8479999,2023,C,91,2.121
8480001,2023,D,68,0.076
8475906,2023,D,14,0.101
8480003,2023,C,55,0.267
8480002,2023,C,71,2.8
8480007,2023,R,20,0.026
8480008,2023,C,42,0.082
8475913,2023,R,63,2.248
8480009,2023,R,81,1.213
8480011,2023,C,52,0.218
8480012,2023,C,95,3.856
8471817,2023,R,54,-0.174
8480014,2023,C,52,1.88
8480015,2023,R,78,2.099
8480018,2023,C,82,3.087
8480021,2023,C,22,-0.182
8480023,2023,C,82,3.421
8480025,2023,R,67,-0.072
8480027,2023,L,101,4.326
8480028,2023,C,71,1.383
8480031,2023,L,2,0.033
8480032,2023,C,8,-0.061
8480035,2023,D,74,0.413
8480036,2023,D,90,2.994
8480039,2023,C,88,2.49
8480043,2023,D,61,0.868
8480045,2023,G,54,0
8484144,2023,C,68,2.404
8480049,2023,D,83,0.308
8484145,2023,L,71,0.862
8480051,2023,G,23,0
8484149,2023,C,1,-0.02
8475958,2023,C,25,0.229
8484153,2023,C,55,1.146
8480058,2023,D,52,0.171
8480064,2023,C,50,0.992
8480068,2023,C,77,1.017
8480069,2023,D,88,5.038
8484166,2023,C,49,1.028
8480070,2023,D,13,-0.007
8480073,2023,D,76,0.57
8480074,2023,L,78,0.645
8480075,2023,D,1,-0.008
8480078,2023,C,16,0.106
8480084,2023,D,34,0.154
8484203,2023,L,1,-0.014
8480113,2023,L,87,0.541
8480144,2023,C,85,0.684
8480145,2023,D,87,1.06
8480157,2023,D,6,0.007
8484254,2023,D,3,-0.03
8484255,2023,R,7,-0.004
8484258,2023,D,23,0.392
8484259,2023,C,2,0.001
8480172,2023,D,69,0.321
8480184,2023,D,46,0.25
8480185,2023,C,106,0.436
8480188,2023,L,82,1.188
8484287,2023,D,1,0.016
8480192,2023,D,62,0.218
8480193,2023,G,24,0
8480191,2023,G,2,0
8480196,2023,D,36,0.202
8484293,2023,G,1,0
8480205,2023,C,56,0.317
8480208,2023,R,82,2.495
8484304,2023,D,26,0.021
8480216,2023,C,6,-0.065
8484312,2023,G,2,0
8484314,2023,L,20,-0.093
8480220,2023,L,59,0.463
8480222,2023,D,58,0.105
8484321,2023,D,4,-0.004
8480226,2023,R,2,-0.019
8484325,2023,C,19,-0.071
8484326,2023,D,1,-0.005
8480238,2023,G,6,0
8480245,2023,R,18,0.221
8480246,2023,D,79,0.761
8480252,2023,C,27,0.202
8480267,2023,C,4,-0.038
8480274,2023,D,1,-0.001
8480280,2023,G,56,0
8480281,2023,R,82,0.356
8480289,2023,C,80,0.346
8480292,2023,R,14,-0.022
8480306,2023,D,2,-0.009
8480313,2023,G,50,0
8480336,2023,D,92,0.838
8480355,2023,C,63,0.111
8476278,2023,C,44,0.232
8480382,2023,G,74,0
8476292,2023,L,71,0.802
8476312,2023,D,87,1.2
8476316,2023,G,24,0
8476323,2023,L,1,-0.006
8476329,2023,C,16,0.277
8476331,2023,D,87,0.937
8480434,2023,D,76,1.469
8476341,2023,G,30,0
8480441,2023,R,11,0.051
8476346,2023,L,81,2.212
8480448,2023,C,80,0.196
8480459,2023,C,80,1.008
8476372,2023,D,71,0.229
8480468,2023,L,31,-0.041
8476374,2023,C,62,0.356
8476389,2023,C,98,3.5
8476392,2023,C,86,1.229
8476393,2023,C,81,0.084
8476399,2023,L,78,2.254
8476412,2023,G,57,0
8476419,2023,C,86,0.706
8476422,2023,D,66,0.896
8476429,2023,D,41,-0.081
8476432,2023,C,58,1.03
8476433,2023,G,3,0
8476434,2023,G,46,0
8476438,2023,L,82,1.444
8476441,2023,D,60,-0.082
8476442,2023,L,22,-0.111
8476448,2023,C,77,2.418
8476453,2023,R,86,6.953
8476454,2023,C,105,3.663
8476456,2023,L,81,1.548
8476457,2023,D,81,0.215
8476458,2023,C,79,0.916
8476459,2023,C,97,3.69
8476460,2023,C,79,3.047
8476461,2023,C,74,1.371
8476462,2023,D,20,0.654
8476463,2023,D,62,0.888
8476467,2023,D,82,0.008
8476468,2023,C,94,4.469
8476469,2023,R,66,0.589
8476473,2023,D,46,0.074
8476474,2023,R,92,1.535
8476479,2023,C,83,1.561
8476480,2023,C,82,1.062
8476483,2023,R,70,1.297
8476525,2023,D,1,0.739
8476539,2023,R,89,3.458
8476624,2023,C,96,0.077
8480727,2023,D,67,0.356
8480748,2023,L,74,0.667
8480762,2023,L,47,0.076
8480776,2023,R,9,0.103
8480789,2023,R,32,0.174
8480796,2023,D,70,0.455
8480797,2023,L,82,1.79
8480798,2023,C,75,1.589
8480800,2023,D,95,4.242
8480801,2023,L,81,3.494
8480802,2023,C,105,0.543
8480803,2023,D,106,5.43
8480806,2023,C,46,0.193
8480807,2023,D,41,-0.009
8480813,2023,C,80,0.525
8484911,2023,R,7,-0.022
8480817,2023,D,96,0.769
8480821,2023,R,72,0.493
8480823,2023,D,43,-0.055
8480829,2023,C,90,0.75
8480830,2023,R,70,2.586
8480834,2023,D,30,0.263
8480835,2023,C,85,1.069
8480836,2023,L,13,-0.021
8480839,2023,D,81,2.54
8480843,2023,G,44,0
8480844,2023,L,6,-0.077
8480845,2023,C,28,-0.137
8480848,2023,C,48,0.182
8480849,2023,C,33,0.274
8480851,2023,C,7,0.175
8480853,2023,C,13,0.05
8480855,2023,C,67,0.659
8480860,2023,D,82,-0.201
8480865,2023,D,84,2.971
8480870,2023,C,45,-0.384
8480871,2023,D,35,0.238
8480873,2023,D,69,0.422
8480874,2023,D,9,0.018
8480878,2023,D,71,0.615
8480879,2023,D,72,0.299
8480880,2023,C,65,-0.057
8480884,2023,D,72,0.344
8480887,2023,D,56,0.224
8476792,2023,D,77,1.394
8480890,2023,C,5,0.001
8480891,2023,D,65,0.634
8480893,2023,R,78,1.627
8476822,2023,C,86,0.021
8476826,2023,C,80,0.957
8480947,2023,G,24,0
8476853,2023,D,79,2.623
8476854,2023,D,86,0.762
8480950,2023,D,81,0
8476856,2023,D,81,0.013
8476858,2023,L,62,-0.076
8476867,2023,C,24,-0.033
8476869,2023,D,91,2.13
8476871,2023,L,54,0.184
8476872,2023,C,82,1.331
8476873,2023,L,38,0.595
8476874,2023,D,72,0.431
8476875,2023,D,82,2.406
8476876,2023,G,1,0
8476878,2023,C,63,0.153
8476879,2023,D,103,0.798
8476880,2023,R,78,1.264
8476881,2023,C,61,1.147
8476882,2023,C,87,2.005
8476883,2023,G,57,0
8480980,2023,C,80,0.355
8476885,2023,D,85,1.028
8480981,2023,G,30,0
8476887,2023,L,88,4.786
8476884,2023,D,5,-0.034
8476889,2023,C,82,0.226
8476891,2023,D,66,-0.065
8476892,2023,D,82,0.651
8480990,2023,D,31,0.231
8480992,2023,G,9,0
8476897,2023,C,71,0.485
8480995,2023,R,61,0.263
8476902,2023,D,101,0.892
8476904,2023,G,2,0
8476905,2023,C,82,1.31
8476906,2023,D,81,2.412
8476907,2023,L,8,-0.025
8481006,2023,D,26,-0.006
8476913,2023,C,21,0.074
8476914,2023,G,55,0
8476915,2023,L,1,-0.008
8481013,2023,R,12,0.201
8476917,2023,D,63,0.341
8476919,2023,C,52,0.223
8476918,2023,L,92,0.769
8481016,2023,C,2,0.029
8481014,2023,D,86,0.455
8481019,2023,C,43,0.081
8476921,2023,L,93,0.946
8476923,2023,D,67,0.874
8481020,2023,G,14,0
8476925,2023,C,87,1.377
8476927,2023,C,81,0.883
8481024,2023,C,6,-0.031
8476931,2023,D,80,0.928
8476932,2023,G,28,0
8481028,2023,C,63,0.517
8481030,2023,D,14,-0.037
8476934,2023,L,24,-0.072
8481031,2023,G,11,0
8481032,2023,L,76,0.338
8481033,2023,G,19,0
8481035,2023,G,51,0
8476945,2023,G,65,0
8481042,2023,R,2,-0.023
8481043,2023,L,9,0.069
8476952,2023,C,15,0.129
8476958,2023,D,92,1.365
8476960,2023,C,28,0.277
8481056,2023,D,23,0.091
8481058,2023,R,59,0.05
8481059,2023,D,54,0.43
8476967,2023,D,107,0.527
8481065,2023,C,13,0.056
8481068,2023,C,82,2.413
8481070,2023,L,5,0.013
8476979,2023,D,92,0.996
8476981,2023,R,78,0.443
8481077,2023,L,6,0.018
8476988,2023,D,14,-0.012
8476994,2023,C,14,0.096
8481093,2023,L,45,-0.021
8476999,2023,G,42,0
8477015,2023,R,90,0.191
8477018,2023,D,42,0.299
8477021,2023,C,82,1.321
8481122,2023,D,71,-0.276
8477034,2023,D,44,-0.322
8477035,2023,G,6,0
8481147,2023,C,42,-0.035
8481161,2023,D,12,0.048
8477070,2023,C,75,-0.044
8481167,2023,D,50,0.09
8477073,2023,L,45,-0.13
8481178,2023,D,66,0.552
8481186,2023,R,57,0.798
8481206,2023,D,33,0.176
8477126,2023,C,1,-0.015
8481237,2023,C,37,0.156
8481239,2023,L,8,0.007
8477149,2023,R,3,-0.028
8477220,2023,D,66,0.23
8477244,2023,D,52,-0.133
8477293,2023,G,24,0
8477320,2023,L,1,0.005
8481422,2023,C,40,-0.155
8477330,2023,L,74,0.108
8477335,2023,D,73,-0.199
8481441,2023,C,3,-0.035
8477346,2023,D,82,2.246
8477353,2023,C,74,-0.33
8477361,2023,G,5,0
8477365,2023,D,79,0.516
8481462,2023,L,9,0.138
8477369,2023,D,52,0.271
8477380,2023,C,60,0.563
8481477,2023,C,63,-0.147
8477384,2023,D,51,0.172
8481481,2023,C,67,0.241
8477392,2023,R,49,0.25
8477401,2023,C,2,-0.014
8477402,2023,L,80,2.454
8477404,2023,C,78,4.404
8477406,2023,C,96,0.114
8477407,2023,L,78,1.64
8477409,2023,C,100,4.183
8477416,2023,R,82,2.222
8481517,2023,R,68,0.417
8481518,2023,L,4,0.028
8477424,2023,G,70,0
8481521,2023,D,12,0.019
8477425,2023,L,85,0.799
8477426,2023,L,87,1.554
8481523,2023,C,2,0.104
8481524,2023,D,73,0.964
8481522,2023,C,80,-0.064
8477429,2023,C,79,0.998
8481527,2023,D,26,0.272
8481528,2023,C,79,2.029
8477435,2023,D,70,0.259
8481532,2023,C,20,0.016
8481533,2023,C,31,0.403
8481534,2023,C,7,-0.084
8481535,2023,L,91,1.286
8481537,2023,D,52,0.101
8481540,2023,R,82,3.154
8477444,2023,L,49,0.293
8477446,2023,C,76,0.487
8481542,2023,D,82,1.606
8481543,2023,C,23,-0.115
8477447,2023,D,54,1.848
8481544,2023,G,6,0
8481541,2023,D,34,0.054
8477450,2023,C,82,1.217
8481546,2023,D,82,0.924
8477451,2023,R,74,1.659
8481550,2023,L,11,-0.001
8477454,2023,L,24,-0.136
8477456,2023,L,77,1.788
8481553,2023,R,57,0.689
8481554,2023,R,76,0.246
8481556,2023,C,64,0.312
8481557,2023,L,75,3.142
8477462,2023,D,5,-0.035
8481559,2023,C,62,3.494
8481560,2023,R,51,0.437
8477465,2023,G,51,0
8477464,2023,C,6,0.062
8477467,2023,D,1,-0.008
8481564,2023,D,41,0.052
8481567,2023,D,51,0.055
8481568,2023,D,76,0.043
8477473,2023,R,59,0.127
8477476,2023,L,56,2.124
8477478,2023,L,46,0.083
8477479,2023,L,87,1.731
8477480,2023,G,10,0
8481577,2023,R,41,0.631
8481578,2023,R,3,-0.056
8477482,2023,L,29,0.094
8481580,2023,L,84,0.992
8481581,2023,D,98,2.041
8477484,2023,G,19,0
8481582,2023,L,62,0.939
8477488,2023,D,72,0.141
8481585,2023,L,2,-0.022
8477492,2023,C,93,7.488
8477493,2023,C,97,4.094
8477494,2023,L,82,1.806
8477495,2023,D,67,0.889
8481591,2023,R,3,-0.038
8481593,2023,D,56,0.114
8477498,2023,D,106,1.153
8477499,2023,D,31,0.026
8481596,2023,C,41,1.203
8477501,2023,R,62,2.915
8481598,2023,D,22,0.13
8481599,2023,D,3,-0.021
8481600,2023,D,4,-0.014
8481601,2023,R,78,0.563
8477506,2023,D,63,0.536
8477504,2023,D,86,3.005
8477505,2023,C,95,0.513
8477507,2023,D,88,0.663
8477508,2023,C,71,0.747
8481604,2023,R,48,1.029
8477511,2023,R,77,1.562
8481609,2023,D,5,0.192
8481605,2023,D,71,0.219
8473419,2023,L,93,3.012
8481611,2023,G,43,0
8481606,2023,D,76,0.849
8473422,2023,L,74,0.995
8481617,2023,R,21,-0.112
8481618,2023,C,55,1.055
8477527,2023,L,68,-0.384
8481624,2023,R,89,0.812
8477541,2023,D,47,0.114
8473446,2023,D,67,-0.005
8473449,2023,R,84,0.598
8481641,2023,L,64,0.094
8473453,2023,C,87,0.345
8481655,2023,R,4,-0.038
8481656,2023,L,82,0.888
8473473,2023,L,4,0.042
8481668,2023,G,14,0
8477573,2023,L,45,0.236
8481679,2023,D,7,-0.044
8481690,2023,C,2,-0.017
8481692,2023,G,17,0
8473503,2023,G,25,0
8473504,2023,R,87,-0.033
8473507,2023,D,73,0.66
8481699,2023,R,1,0.048
8481701,2023,D,12,0.019
8481703,2023,R,52,0.679
8481704,2023,C,45,0.212
8473512,2023,R,82,2.572
8481708,2023,D,31,0.298
8481711,2023,L,82,2.098
8481716,2023,L,75,1.281
8481719,2023,D,16,0.043
8473533,2023,C,91,1.458
8481726,2023,C,11,0.023
8481743,2023,D,9,0.084
8481751,2023,R,15,-0.065
8481754,2023,C,3,0.049
8473563,2023,C,8,0.035
8473575,2023,G,33,0
8481789,2023,L,77,0.248
8481806,2023,D,24,-0.015
8481812,2023,D,10,-0.066
8477810,2023,D,42,-0.026
8477831,2023,G,8,0
8477839,2023,L,57,0.221
8477845,2023,D,73,0.075
8477846,2023,C,62,0.18
8477851,2023,D,22,0.011
8477887,2023,C,12,-0.059
8477903,2023,R,82,-0.127
8477919,2023,C,67,0.173
8477930,2023,L,40,0.251
8477931,2023,L,36,-0.011
8477932,2023,D,75,0.634
8477933,2023,C,106,5.567
8477934,2023,C,106,5.623
8477935,2023,C,88,2.534
8477938,2023,D,24,0.177
8477939,2023,R,86,4.582
8477940,2023,L,87,2.499
8477942,2023,L,87,3.128
8477944,2023,L,21,0.178
8477946,2023,C,68,2.767
8477947,2023,L,53,0.675
8477948,2023,D,81,1.706
8477949,2023,R,75,2.511
8477950,2023,D,40,0.326
8477951,2023,C,79,2.288
8477952,2023,C,68,1.044
8477953,2023,R,73,0.327
8477955,2023,L,80,2.602
8477956,2023,R,95,5.827
8482055,2023,L,79,1.104
8477960,2023,R,82,3.543
8477962,2023,L,32,-0.002
8477964,2023,L,89,1.439
8482061,2023,L,5,0.104
8482062,2023,R,85,0.394
8477967,2023,G,52,0
8477968,2023,G,38,0
8477969,2023,D,82,0.896
8477970,2023,G,32,0
8477971,2023,D,87,0.112
8482067,2023,D,1,-0.01
8482070,2023,R,35,0.029
8482073,2023,D,98,0.566
8482074,2023,C,63,1.08
8477979,2023,R,63,0.002
8482076,2023,G,21,0
8482077,2023,L,63,0.229
8482078,2023,L,82,3.296
8482079,2023,C,82,1.288
8477986,2023,D,90,1.689
8477987,2023,C,78,0.91
8477989,2023,C,30,0.08
8482087,2023,D,70,0.611
8477992,2023,G,26,0
8477993,2023,C,2,0
8482088,2023,C,3,-0.024
8482089,2023,L,77,1.699
8482092,2023,C,72,0.464
8482093,2023,R,92,3.642
8477998,2023,L,104,1.897
8482095,2023,D,9,0.037
8482094,2023,D,12,-0.018
8482097,2023,R,27,0.663
8482101,2023,L,4,0.037
8482102,2023,C,2,0.084
8478007,2023,G,41,0
8478009,2023,G,57,0
8482105,2023,D,79,1.503
8478011,2023,D,12,0.15
8478010,2023,C,86,4.656
8478013,2023,D,63,0.577
8482109,2023,L,98,3.036
8482110,2023,C,82,0.938
8482111,2023,D,48,0.324
8478017,2023,D,23,-0.004
8482113,2023,C,102,1.587
8478020,2023,R,77,0.831
8478021,2023,D,40,-0.045
8482116,2023,C,75,2.928
8482117,2023,L,65,0.081
8478024,2023,G,19,0
8482118,2023,R,3,0.035
8482122,2023,D,82,1.595
8478028,2023,L,57,0.253
8482124,2023,R,85,2.444
8482125,2023,R,82,0.726
8482126,2023,D,4,-0.027
8482133,2023,C,27,0.292
8478038,2023,D,92,1.97
8478039,2023,G,37,0
8482137,2023,G,2,0
8478042,2023,L,23,0.766
8478043,2023,C,90,0.316
8482141,2023,D,2,0.043
8482142,2023,D,34,0.281
8478047,2023,L,81,2.399
8478048,2023,G,71,0
8478046,2023,L,82,0.964
8482146,2023,R,86,1.491
8478051,2023,C,18,0.088
8482148,2023,C,55,0.816
8482149,2023,C,72,1.525
8482144,2023,D,3,-0.015
8478055,2023,D,103,1.879
8482147,2023,C,4,0.034
8478057,2023,C,76,1.202
8482153,2023,C,15,0.268
8482155,2023,R,86,0.312
8482157,2023,L,97,0.267
8482159,2023,R,77,0.996
8482162,2023,L,7,0.014
8478067,2023,L,1,-0.013
8482165,2023,D,1,-0.005
8482166,2023,D,3,0.021
8482172,2023,L,16,0.074
8478078,2023,C,37,-0.076
8482175,2023,R,82,1.95
8482176,2023,D,32,0.023
8482177,2023,C,16,-0.067
8473986,2023,L,63,1.131
8473994,2023,L,101,2.938
8482192,2023,D,33,0.074
8478099,2023,R,46,0.051
8482197,2023,R,5,-0.039
8478104,2023,L,53,-0.256
8474009,2023,C,45,-0.01
8482201,2023,C,2,-0.038
8474013,2023,D,91,-0.073
8478109,2023,L,51,0.361
8478115,2023,L,79,0.614
8482221,2023,G,23,0
8482222,2023,L,46,0.091
8474031,2023,D,67,0.984
8474034,2023,L,64,0.215
8478133,2023,C,82,0.954
8474037,2023,L,82,1.974
8478136,2023,D,80,0.755
8474040,2023,C,28,0.334
8482241,2023,L,33,0.178
8478146,2023,C,7,0.057
8478147,2023,L,6,-0.064
8482245,2023,D,69,0.652
8474053,2023,C,6,-0.034
8482250,2023,C,1,-0.011
8474062,2023,C,1,-0.014
8482259,2023,C,56,0.844
8478178,2023,D,85,1.008
8474090,2023,D,63,0.398
8474102,2023,L,76,1.535
8478211,2023,L,28,0.158
8478233,2023,L,75,1.298
8474141,2023,R,50,2.232
8474145,2023,D,32,-0.138
8474149,2023,L,70,0.913
8474150,2023,C,82,1.353
8474151,2023,D,80,0.804
8474157,2023,L,51,0.696
8474166,2023,D,61,0.399
8474189,2023,C,82,0.945
8482145,2023,C,2,-0.003
8482411,2023,G,4,0
8482445,2023,G,6,0
8482451,2023,L,17,-0.095
8482460,2023,C,28,-0.028
8478366,2023,R,82,2.5
8482470,2023,D,10,0.085
8482475,2023,R,53,0.879
8482476,2023,L,4,-0.047
8478396,2023,D,87,1.88
8478397,2023,D,78,1.414
8478398,2023,L,70,2.928
8478399,2023,D,57,0.017
8482496,2023,C,48,0.008
8478401,2023,C,91,2.178
8478402,2023,C,101,8.658
8478403,2023,C,70,3.735
8478400,2023,C,28,-0.281
8478406,2023,G,44,0
8478407,2023,D,59,1.816
8478408,2023,D,50,-0.069
8478409,2023,C,9,0.065
8478413,2023,L,67,0.447
8478414,2023,R,69,2.114
8482511,2023,D,52,0.558
8478416,2023,D,74,0.045
8478420,2023,R,91,4.441
8478421,2023,L,59,0.147
8482516,2023,D,39,0.085
8478424,2023,C,45,-0.091
8478427,2023,C,89,4.528
8478430,2023,D,33,0.16
8478432,2023,R,79,0.199
8478433,2023,G,5,0
8478434,2023,R,85,-0.058
8478435,2023,G,20,0
8478438,2023,C,77,1.674
8478439,2023,R,76,2.85
8478440,2023,C,86,2.563
8478443,2023,D,89,0.23
8478444,2023,R,93,3.989
8478445,2023,C,85,3.426
8478446,2023,C,1,-0.021
8478449,2023,C,95,3.036
8478450,2023,D,51,0.279
8478451,2023,D,24,0.037
8478452,2023,D,28,0.119
8478454,2023,D,56,0.056
8478458,2023,C,75,1.174
8478460,2023,D,70,2.402
8478462,2023,C,77,1.51
8478463,2023,R,66,0.33
8478466,2023,R,76,1.685
8478468,2023,D,85,0.304
8478469,2023,D,51,1.241
8478470,2023,G,41,0
8478472,2023,R,72,1.097
8478474,2023,L,81,1.513
8478477,2023,C,23,-0.086
8478483,2023,R,76,3.714
8478492,2023,G,45,0
8478493,2023,C,77,3.277
8478495,2023,R,18,-0.087
8478498,2023,L,93,1.84
8478499,2023,G,38,0
8478500,2023,D,82,0.727
8478502,2023,D,34,0.248
8478507,2023,D,75,0.57
8478508,2023,C,86,0.182
8478512,2023,C,34,-0.203
8478519,2023,C,84,1.473
8482624,2023,D,24,0.14
8482634,2023,C,1,-0.011
8478542,2023,C,104,1.801
8478550,2023,L,98,6.191
8482652,2023,R,40,0.022
8482655,2023,D,80,0.618
8482659,2023,R,11,0.501
8482660,2023,C,42,0.354
8482661,2023,G,3,0
8478569,2023,C,55,0.045
8482665,2023,C,77,0.83
8482667,2023,L,80,1.331
8482666,2023,D,2,-0.017
8482671,2023,D,76,1.066
8482679,2023,R,34,0.23
8478585,2023,C,89,0.477
8482684,2023,D,82,1.555
8482699,2023,R,45,1.476
8482702,2023,C,43,0.775
8482705,2023,C,77,0.997
8482712,2023,R,1,-0.018
8482713,2023,R,7,-0.059
8482720,2023,L,87,1.133
8482730,2023,D,16,0.248
8482733,2023,D,1,0.053
8482737,2023,R,25,0.203
8482740,2023,C,101,3.669
8482744,2023,L,11,0.106
8482745,2023,C,64,1.273
8482747,2023,L,3,-0.032
8482749,2023,R,23,0.316
8482751,2023,C,9,-0.09
8474563,2023,D,87,2.008
8474564,2023,C,84,3.953
8474565,2023,D,71,1.142
8474567,2023,D,65,0.113
8474568,2023,D,68,-0.049
8482762,2023,D,16,-0.038
8482765,2023,R,7,-0.037
8474574,2023,D,89,0.76
8474578,2023,D,82,2.207
8474586,2023,R,78,1.71
8474590,2023,D,86,2.047
8482784,2023,C,9,-0.08
8474593,2023,G,48,0
8482787,2023,R,1,0.057
8474596,2023,G,34,0
8474600,2023,D,88,3.942
8474602,2023,D,70,0.795
8482803,2023,D,26,0.188
8474612,2023,D,48,0.023
8482807,2023,D,2,-0.019
8482809,2023,R,1,0.002
8474618,2023,D,65,0.071
8482821,2024,G,36,0
8482829,2024,L,1,-0.009
8474641,2024,C,103,1.221
8482858,2024,D,73,0.798
8482859,2024,C,56,-0.341
8474673,2024,D,54,0.076
8482866,2024,D,1,0.051
8474679,2024,R,85,0.246
8474682,2024,G,6,0
8482874,2024,R,1,-0.015
8470594,2024,G,27,0
8470600,2024,D,87,0.181
8482896,2024,C,21,0.058
8470613,2024,D,97,0.994
8474709,2024,L,32,-0.273
8474715,2024,R,39,0.227
8474716,2024,D,72,1.306
8470621,2024,R,103,1.607
8478831,2024,C,82,1.037
8482929,2024,D,81,0.435
8478840,2024,D,84,0.156
8478848,2024,G,1,0
8478851,2024,D,84,0.773
8478854,2024,D,39,-0.022
8478856,2024,R,81,1.527
8478859,2024,D,98,0.81
8478864,2024,L,47,2.948
8482964,2024,D,73,-0.225
8478872,2024,G,58,0
8478873,2024,R,77,2.208
8478874,2024,R,87,0.728
8478882,2024,D,88,0.822
8482982,2024,G,11,0
8478891,2024,C,84,0.364
8478904,2024,C,93,0.317
8478905,2024,G,26,0
8478911,2024,D,79,0.708
8478916,2024,G,57,0
8483017,2024,D,1,-0.004
8474870,2024,C,9,-0.064
8478970,2024,D,88,0.269
8478971,2024,G,22,0
8478975,2024,L,80,2.028
8479022,2024,C,22,0.147
8479026,2024,D,36,-0.009
8479066,2024,L,80,-0.053
8479193,2024,G,29,0
8475149,2024,L,77,0.885
8475151,2024,C,82,1.497
8479249,2024,C,3,0.009
8475158,2024,C,79,1.644
8475166,2024,C,88,3.039
8475167,2024,D,84,3.071
8475168,2024,C,100,3.048
8475169,2024,L,21,0.305
8475170,2024,C,89,1.231
8475171,2024,D,90,0.941
8475172,2024,C,82,2.336
8475177,2024,D,47,0.132
8475179,2024,D,93,0.315
8475181,2024,D,38,0.016
8475184,2024,L,68,1.095
8475188,2024,D,93,0.656
8475191,2024,R,90,1.347
8475193,2024,L,78,0.14
8479291,2024,C,70,0.224
8479292,2024,G,40,0
8479293,2024,L,92,0.113
8475197,2024,D,13,0.08
8475200,2024,D,91,1.121
8483395,2024,L,13,-0.069
8483397,2024,C,14,0.066
8483398,2024,D,3,0.035
8475208,2024,D,85,0.521
8483406,2024,R,1,0.075
8479312,2024,G,30,0
8479314,2024,L,75,3.327
8479315,2024,R,18,-0.168
8475218,2024,D,72,1.741
8475220,2024,L,83,0.827
8479318,2024,C,80,4.877
8479316,2024,C,75,0.307
8475225,2024,C,59,0.273
8479323,2024,D,74,2.679
8479324,2024,D,79,0.634
8479325,2024,D,50,0.907
8475231,2024,C,82,0.028
8479328,2024,R,1,-0.013
8475233,2024,D,80,0.429
8483425,2024,D,56,0.169
8475235,2024,L,31,-0.062
8483424,2024,C,12,-0.01
8483429,2024,D,15,0.381
8483431,2024,C,75,2.375
8479336,2024,R,56,0.036
8479337,2024,R,82,3.248
8479335,2024,C,6,-0.061
8479339,2024,L,54,1.344
8483432,2024,C,15,0.18
8479341,2024,D,4,-0.01
8479343,2024,R,81,3.917
8479344,2024,R,31,0.257
8479345,2024,D,84,2.437
8483445,2024,L,82,1.421
8479351,2024,C,97,0.618
8483447,2024,C,56,0.323
8479353,2024,C,91,1.312
8483448,2024,D,33,0.047
8483450,2024,C,2,-0.035
8479356,2024,L,19,0.079
8479359,2024,L,76,-0.207
8483457,2024,D,87,2.907
8479362,2024,L,6,-0.074
8479361,2024,G,49,0
8483460,2024,D,12,0.108
8479365,2024,C,80,-0.053
8483461,2024,R,1,-0.016
8479368,2024,L,26,-0.221
8483465,2024,R,2,0.012
8483466,2024,D,16,-0.053
8483467,2024,D,2,-0.01
8479369,2024,D,76,0.38
8483464,2024,C,77,1.297
8479371,2024,D,68,0.858
8483468,2024,C,62,0.63
8479372,2024,D,64,0.081
8479370,2024,C,39,0.14
8475279,2024,D,81,-0.09
8483472,2024,D,15,0.036
8483471,2024,C,5,-0.04
8479378,2024,D,68,0.236
8479379,2024,R,13,-0.105
8483476,2024,R,24,0.149
8475287,2024,L,74,0.445
8479385,2024,R,89,3.266
8483482,2024,D,6,-0.056
8479387,2024,D,41,-0.06
8479388,2024,D,5,-0.022
8483485,2024,D,45,0.383
8479390,2024,R,87,0.611
8483487,2024,R,8,0.09
8483481,2024,C,11,0.012
8479393,2024,L,52,-0.184
8483490,2024,D,68,0.446
8479395,2024,D,41,0.316
8483489,2024,C,21,-0.011
8483491,2024,L,18,0.116
8479398,2024,D,80,0.807
8483495,2024,D,31,0.056
8479400,2024,C,92,2.817
8483497,2024,R,12,0.173
8479402,2024,D,64,-0.019
8483499,2024,L,24,0.052
8483500,2024,C,8,-0.099
8483493,2024,C,53,0.877
8471214,2024,L,75,3.679
8483503,2024,D,25,-0.008
8479407,2024,L,86,3.967
8471215,2024,C,68,1.702
8483506,2024,D,9,0.193
8483505,2024,C,33,0.183
8479410,2024,D,77,2.281
8475314,2024,L,82,2.627
8475311,2024,G,56,0
8479414,2024,R,64,-0.12
8483512,2024,C,4,0.025
8483515,2024,L,84,1.782
8479420,2024,C,76,2.981
8475324,2024,D,77,0.477
8479421,2024,D,51,0.157
8479423,2024,L,5,-0.066
8479419,2024,L,3,-0.032
8479425,2024,D,61,1.16
8483516,2024,R,14,0.221
8483524,2024,C,79,1.321
8483530,2024,G,6,0
8483531,2024,L,2,-0.043
8483532,2024,G,1,0
8475343,2024,C,92,1.181
8479442,2024,D,74,-0.024
8483538,2024,C,1,-0.016
8483549,2024,L,7,0.003
8483553,2024,C,39,0.11
8479465,2024,L,7,0.023
8483565,2024,D,60,0.501
8483567,2024,C,6,-0.051
8483569,2024,D,2,0.052
8483570,2024,C,8,-0.068
8483573,2024,R,24,0.117
8479496,2024,G,34,0
8475413,2024,C,57,-0.302
8483609,2024,R,31,0.33
8479520,2024,L,92,0.334
8479523,2024,D,13,0.081
8479525,2024,C,62,1.199
8479533,2024,L,11,-0.045
8479542,2024,L,85,4.033
8479543,2024,L,25,-0.183
8479550,2024,C,8,-0.039
8475455,2024,D,83,-0.144
8475462,2024,D,81,0.057
8483668,2024,G,1,0
8479576,2024,D,51,-0.255
8483678,2024,D,28,0.123
8479591,2024,C,77,0.293
8479594,2024,D,1,-0.001
8481591,2024,R,7,-0.044
8481592,2024,L,49,0.554
8481593,2024,D,58,0.235
8481594,2024,R,3,-0.012
8483710,2024,G,6,0
8479619,2024,L,53,0.507
8483733,2024,R,7,-0.063
8479638,2024,R,82,0.592
8479639,2024,D,6,-0.03
8481600,2024,D,14,-0.044
8479661,2024,L,67,-0.03
8481605,2024,D,75,1.887
8479671,2024,R,82,0.7
8483768,2024,D,31,0.225
8479675,2024,L,77,1.422
8479705,2024,L,5,-0.01
8483808,2024,L,72,1.374
8479718,2024,C,2,-0.03
8479746,2024,L,5,-0.018
8475660,2024,G,47,0
8479772,2024,R,21,0.032
8475683,2024,G,77,0
8475690,2024,D,88,0.469
8475692,2024,R,75,2.011
8475714,2024,C,31,-0.006
8475717,2024,G,46,0
8475718,2024,D,73,-0.031
8475722,2024,L,73,1.783
8475726,2024,C,78,2.515
8483930,2024,C,40,0.043
8475745,2024,C,90,1.224
8475750,2024,D,72,-0.116
8475753,2024,D,85,1.181
8475754,2024,C,87,2.116
8475755,2024,D,22,-0.017
8475760,2024,C,66,0.441
8475762,2024,D,54,0.264
8475763,2024,R,64,0.685
8475764,2024,D,75,2.077
8475765,2024,R,80,0.841
8475766,2024,L,13,0.068
8475768,2024,L,81,1.695
8471675,2024,C,80,3.561
8471677,2024,D,41,0.068
8475780,2024,R,28,-0.007
8471685,2024,C,87,2.274
8475784,2024,L,77,1.116
8475786,2024,L,88,2.67
8475790,2024,D,16,0.078
8475791,2024,L,92,1.358
8475794,2024,C,38,1.16
8475795,2024,D,17,0.004
8475798,2024,C,101,2.854
8475799,2024,R,95,1.087
8471709,2024,D,27,-0.008
8475809,2024,G,25,0
8475810,2024,R,71,2.769
8471724,2024,D,74,1.023
8475825,2024,D,2,-0.017
8471734,2024,G,24,0
8475831,2024,G,26,0
8475839,2024,G,1,0
8475842,2024,C,80,0.185
8479941,2024,R,61,0.69
8479942,2024,R,9,-0.023
8475848,2024,R,87,1.359
8479944,2024,L,79,-0.011
8475852,2024,G,38,0
8475857,2024,D,6,0.011
8479968,2024,C,26,0.011
8479973,2024,G,66,0
8479976,2024,D,43,0.077
8479977,2024,R,12,0.049
8479979,2024,G,76,0
8479980,2024,D,79,0.366
8475883,2024,G,35,0
8479981,2024,L,58,-0.044
8479982,2024,D,68,0.406
8479983,2024,D,78,0.154
8479985,2024,D,14,0.001
8479987,2024,C,77,1.918
8479992,2024,C,77,0.373
8479994,2024,C,12,0.012
8479996,2024,C,70,0.591
8479998,2024,D,83,0.726
8479999,2024,C,81,0.516
8480001,2024,D,51,0.483
8475906,2024,D,30,0.254
8480002,2024,C,80,3.174
8480003,2024,C,91,0.471
8480007,2024,R,13,-0.125
8480009,2024,R,81,0.931
8471817,2024,R,35,-0.197
8475913,2024,R,76,2.951
8480012,2024,C,64,1.233
8480011,2024,C,35,-0.045
8480014,2024,C,80,2.465
8480015,2024,R,77,1.619
8480018,2024,C,87,2.941
8480023,2024,C,77,3.31
8480027,2024,L,93,4.16
8480028,2024,C,81,0.536
8480032,2024,C,4,-0.043
8480035,2024,D,60,0.055
8480036,2024,D,58,1.268
8480039,2024,C,86,3.622
8484135,2024,C,3,0.018
8484136,2024,C,29,0.138
8480043,2024,D,68,0.379
8480045,2024,G,55,0
8484144,2024,C,82,2.312
8484145,2024,L,75,0.769
8480049,2024,D,73,0.671
8480051,2024,G,11,0
8475958,2024,C,3,0.087
8484150,2024,D,1,-0.01
8484152,2024,D,6,0.045
8484153,2024,C,76,1.398
8480058,2024,D,47,-0.102
8480064,2024,C,56,1.19
8480068,2024,C,68,1.075
8480069,2024,D,87,5.106
8484166,2024,C,82,2.093
8480070,2024,D,15,-0.039
8484164,2024,R,2,-0.017
8480073,2024,D,28,0.336
8480074,2024,L,34,0.297
8480075,2024,D,1,-0.003
8480078,2024,C,56,0.734
8484180,2024,L,5,-0.019
8480084,2024,D,20,0.217
8484186,2024,R,17,0.017
8484197,2024,C,9,0.03
8484203,2024,L,2,0.053
8480113,2024,L,95,0.654
8484210,2024,R,5,-0.076
8484221,2024,C,7,0.019
8484227,2024,C,74,1.354
8484234,2024,L,1,-0.01
8480144,2024,C,60,0.234
8480145,2024,D,82,1.784
8484241,2024,R,6,0.008
8484255,2024,R,2,-0.001
8484258,2024,D,81,0.389
8480172,2024,D,54,0.069
8484268,2024,G,2,0
8480185,2024,C,103,0.818
8480188,2024,L,90,1.292
8480191,2024,G,1,0
8480192,2024,D,84,0.139
8480193,2024,G,20,0
8480196,2024,D,48,0.073
8484293,2024,G,1,0
8480205,2024,C,14,-0.056
8484304,2024,D,81,0.697
8480208,2024,R,88,2.793
8484312,2024,G,8,0
8480220,2024,L,78,1.449
8484321,2024,D,47,-0.006
8480245,2024,R,19,0.04
8480246,2024,D,79,0.617
8480259,2024,C,26,-0.215
8480280,2024,G,58,0
8480281,2024,R,87,0.234
8480289,2024,C,87,0.24
8484387,2024,R,80,2.679
8480291,2024,C,2,0.014
8480306,2024,D,13,0.069
8484406,2024,C,2,-0.016
8480313,2024,G,53,0
8480336,2024,D,94,0.621
8480355,2024,C,61,0.19
8476278,2024,C,74,0.616
8480382,2024,G,49,0
8476292,2024,L,82,0.714
8476312,2024,D,55,0.609
8476329,2024,C,3,-0.025
8476331,2024,D,94,0.308
8480434,2024,D,30,0.408
8476341,2024,G,30,0
8480448,2024,C,87,0.506
8480459,2024,C,81,1.445
8476372,2024,D,77,0.51
8476374,2024,C,82,0.221
8476389,2024,C,82,2.143
8476391,2024,C,9,-0.003
8476392,2024,C,86,1.672
8476393,2024,C,55,0.305
8476399,2024,L,82,1.061
8476412,2024,G,63,0
8476419,2024,C,79,1.25
8476422,2024,D,18,0.036
8476425,2024,C,6,0.016
8476429,2024,D,66,0.088
8476432,2024,C,26,0.778
8476434,2024,G,29,0
8476438,2024,L,80,0.928
8476441,2024,D,79,0.358
8476442,2024,L,32,-0.209
8476448,2024,C,64,1.109
8476453,2024,R,83,5.502
8476454,2024,C,100,2.541
8476455,2024,L,5,0.116
8476456,2024,L,81,2.072
8476457,2024,D,82,0.819
8476458,2024,C,82,0.824
8476459,2024,C,82,2.404
8476460,2024,C,93,3.3
8476461,2024,C,79,1.266
8476462,2024,D,69,2.015
8476463,2024,D,56,0.506
8476467,2024,D,82,0.385
8476468,2024,C,72,2.545
8476469,2024,R,86,0.684
8476473,2024,D,68,0.473
8476474,2024,R,83,1.741
8476479,2024,C,86,1.668
8476480,2024,C,91,0.984
8476483,2024,R,81,3.267
8476525,2024,D,64,0.57
8476539,2024,R,78,2.265
8484768,2024,D,1,0.055
8484779,2024,C,4,-0.06
8484783,2024,D,18,0.179
8484798,2024,D,4,0.009
8484801,2024,C,70,2.504
8476624,2024,C,77,-0.468
8484821,2024,C,1,0.058
8480727,2024,D,85,0.306
8484829,2024,C,5,0.029
8480748,2024,L,78,0.924
8480762,2024,L,97,1.051
8480789,2024,R,43,-0.051
8480796,2024,D,81,0.66
8480797,2024,L,81,0.546
8480798,2024,C,51,0.031
8480800,2024,D,68,3.669
8480801,2024,L,78,2.651
8480802,2024,C,79,2.03
8480803,2024,D,104,4.554
8484901,2024,C,1,-0.007
8480806,2024,C,79,0.535
8480807,2024,D,62,0.167
8480813,2024,C,74,0.135
8484910,2024,G,1,0
8484911,2024,R,33,0.139
8480817,2024,D,74,0.779
8480819,2024,G,2,0
8480823,2024,D,18,-0.094
8480825,2024,R,17,-0.075
8480828,2024,D,17,-0.076
8480829,2024,C,92,0.935
8480830,2024,R,87,2.654
8484929,2024,L,18,0.041
8480834,2024,D,85,0.169
8480835,2024,C,79,0.34
8480839,2024,D,73,3.338
8480840,2024,C,84,0.029
8484938,2024,R,5,0.01
8480843,2024,G,54,0
8480844,2024,L,1,-0.021
8480845,2024,C,59,0.119
8480848,2024,C,68,-0.356
8480849,2024,C,82,1.781
8480851,2024,C,25,-0.025
8480853,2024,C,2,-0.013
8480855,2024,C,82,0.415
8480860,2024,D,73,0.321
8484958,2024,R,77,0.752
8480865,2024,D,71,1.806
8480871,2024,D,35,0.588
8480873,2024,D,92,0.959
8480874,2024,D,1,0.001
8480878,2024,D,39,0
8480879,2024,D,40,0.236
8480880,2024,C,56,-0.106
8484976,2024,L,17,-0.121
8480883,2024,D,8,0.023
8480885,2024,G,2,0
8480887,2024,D,33,0.101
8484984,2024,R,7,0.126
8480890,2024,C,2,-0.022
8480891,2024,D,82,1.148
8479406,2024,G,64,0
8480893,2024,R,79,3.13
8476822,2024,C,82,0.08
8476826,2024,C,62,0.786
8480947,2024,G,51,0
8476853,2024,D,95,1.822
8476854,2024,D,17,0.318
8480950,2024,D,94,0.231
8476856,2024,D,63,0.084
8476858,2024,L,20,0.152
8476867,2024,C,12,-0.059
8476869,2024,D,82,1.277
8476871,2024,L,86,0.771
8476872,2024,C,93,0.735
8476873,2024,L,67,0.388
8476874,2024,D,77,0.578
8476875,2024,D,85,0.975
8476878,2024,C,87,-0.622
8476879,2024,D,103,0.535
8476880,2024,R,91,3.044
8476881,2024,C,84,2.797
8476882,2024,C,82,1.79
8476883,2024,G,68,0
8480980,2024,C,48,0.189
8476885,2024,D,77,0.079
8480981,2024,G,31,0
8476887,2024,L,82,3.319
8476889,2024,C,77,0.239
8476891,2024,D,82,1.331
8476892,2024,D,71,1.905
8480990,2024,D,66,0.118
8476897,2024,C,74,0.493
8480995,2024,R,80,0.3
8476899,2024,G,3,0
8476902,2024,D,98,0.841
8476905,2024,C,78,1.352
8476906,2024,D,85,2.511
8481006,2024,D,41,0.176
8485105,2024,C,10,-0.076
8476914,2024,G,27,0
8476913,2024,C,55,-0.176
8481013,2024,R,75,0.437
8476917,2024,D,60,0.701
8481014,2024,D,64,0.58
8476918,2024,L,43,0
8476921,2024,L,94,0.846
8476923,2024,D,70,0.881
8481020,2024,G,34,0
8476925,2024,C,72,0.536
8481019,2024,C,40,0.129
8476927,2024,C,82,0.856
8481024,2024,C,23,0.18
8476931,2024,D,79,0.796
8481028,2024,C,81,0.06
8476932,2024,G,41,0
8481030,2024,D,19,-0.132
8476934,2024,L,26,0.244
8481032,2024,L,84,0.196
8481033,2024,G,6,0
8481035,2024,G,47,0
8476945,2024,G,76,0
8481042,2024,R,57,0.336
8481043,2024,L,73,0.326
8476952,2024,C,7,-0.061
8476958,2024,D,95,0.865
8476960,2024,C,8,0.008
8481056,2024,D,23,-0.005
8481059,2024,D,35,0.262
8476967,2024,D,104,0.867
8481065,2024,C,8,0.005
8481068,2024,C,73,0.756
8476979,2024,D,60,0.533
8476981,2024,R,86,0.562
8476988,2024,D,7,-0.051
8476994,2024,C,39,0.085
8481093,2024,L,1,-0.012
8476999,2024,G,50,0
8477015,2024,R,102,0.934
8477018,2024,D,11,0.073
8477021,2024,C,81,0.607
8481122,2024,D,91,-0.057
8477034,2024,D,8,-0.047
8481133,2024,L,17,-0.036
8481147,2024,C,3,-0.036
8481161,2024,D,68,0.077
8477070,2024,C,28,-0.121
8481167,2024,D,76,0.097
8477073,2024,L,23,-0.153
8481178,2024,D,63,0.333
8481186,2024,R,87,0.54
8481206,2024,D,8,0.05
8481237,2024,C,81,-0.137
8477149,2024,R,1,-0.013
8477220,2024,D,103,1.033
8477244,2024,D,5,0.008
8485469,2024,R,1,-0.009
8485483,2024,L,5,-0.066
8485511,2024,R,2,-0.039
8485512,2024,C,2,-0.016
8481422,2024,C,3,-0.049
8477335,2024,D,33,0.003
8477346,2024,D,81,1.937
8477353,2024,C,55,0.014
8477365,2024,D,73,0.33
8481461,2024,D,4,-0.004
8481462,2024,L,1,-0.013
8477369,2024,D,75,0.165
8477380,2024,C,51,0.532
8481477,2024,C,70,0.245
8477384,2024,D,11,-0.01
8481481,2024,C,59,0.356
8481486,2024,D,8,-0.061
8477392,2024,R,43,-0.198
8481491,2024,C,15,0.007
8477401,2024,C,20,-0.025
8477402,2024,L,83,2.17
8477404,2024,C,85,3.727
8477405,2024,G,15,0
8477406,2024,C,102,-0.173
8477407,2024,L,44,0.037
8477409,2024,C,104,2.967
8477416,2024,R,79,1.603
8481517,2024,R,62,0.253
8481518,2024,L,7,-0.041
8481519,2024,G,38,0
8477424,2024,G,58,0
8477425,2024,L,38,0.055
8481522,2024,C,81,0.435
8481523,2024,C,57,0.552
8481524,2024,D,82,1.397
8481525,2024,D,2,-0.014
8477429,2024,C,56,0.534
8477426,2024,L,81,1.398
8481527,2024,D,41,0.294
8481528,2024,C,88,1.341
8481529,2024,G,2,0
8477435,2024,D,61,-0.134
8481532,2024,C,71,0.692
8481533,2024,C,57,0.925
8481534,2024,C,9,-0.109
8481535,2024,L,72,0.6
8481536,2024,D,1,-0.011
8477444,2024,L,79,1.037
8481540,2024,R,87,3.476
8481542,2024,D,82,1.688
8477447,2024,D,78,2.864
8477446,2024,C,74,0.085
8481541,2024,D,1,-0.004
8477450,2024,C,59,0.341
8477451,2024,R,75,0.941
8481546,2024,D,66,0.411
8481544,2024,G,2,0
8477456,2024,L,76,0.937
8481553,2024,R,79,1.305
8481554,2024,R,79,1.227
8481556,2024,C,78,-0.062
8481557,2024,L,88,3.161
8481558,2024,C,1,0.046
8481559,2024,C,62,3.196
8477462,2024,D,2,-0.004
8477465,2024,G,36,0
8477463,2024,D,1,-0.005
8481563,2024,D,56,0.257
8481564,2024,D,3,-0.009
8481560,2024,R,14,0.059
8481562,2024,D,2,-0.012
8481567,2024,D,60,0.097
8481568,2024,D,82,0.768
8477476,2024,L,76,1.974
8481572,2024,D,18,-0.048
8477478,2024,L,58,0.065
8477479,2024,L,82,1.568
8477480,2024,G,23,0
8481577,2024,R,61,0.742
8481576,2024,C,2,-0.023
8481580,2024,L,92,2.646
8481581,2024,D,96,2.809
8481582,2024,L,72,0.625
8477484,2024,G,9,0
8477488,2024,D,77,0.516
8477492,2024,C,86,5.573
8477493,2024,C,90,3.345
8477494,2024,L,50,1.213
8477495,2024,D,86,1.669
8477496,2024,C,82,1.204
8477497,2024,C,54,2.371
8477498,2024,D,98,1.496
8477499,2024,D,63,0.592
8481596,2024,C,76,1.617
8477501,2024,R,50,1.661
8477500,2024,C,81,1.842
8481598,2024,D,75,1.216
8477503,2024,C,87,0.693
8477504,2024,D,92,2.938
8477506,2024,D,74,0.772
8477507,2024,D,81,0.302
8477508,2024,C,48,-0.135
8481604,2024,R,90,2.272
8481606,2024,D,84,0.908
8477511,2024,R,13,0.253
8481601,2024,R,75,1.441
8481609,2024,D,35,0.184
8477505,2024,C,77,0.477
8473419,2024,L,94,3.002
8481607,2024,D,61,0.063
8481611,2024,G,51,0
8473422,2024,L,78,1.037
8481617,2024,R,104,0.772
8481618,2024,C,87,0.146
8477527,2024,L,43,-0.341
8481624,2024,R,80,1.046
8477541,2024,D,4,0.035
8473446,2024,D,38,0.036
8481641,2024,L,86,0.41
8473453,2024,C,62,-0.02
8481655,2024,R,43,0.032
8481656,2024,L,82,2.86
8481668,2024,G,10,0
8477573,2024,L,80,0.204
8481692,2024,G,53,0
8473503,2024,G,24,0
8473507,2024,D,44,0.021
8481703,2024,R,13,0.044
8473512,2024,R,87,1.543
8481704,2024,C,48,0.266
8481707,2024,G,1,0
8481708,2024,D,46,0.289
8481711,2024,L,55,0.251
8481712,2024,R,7,0.059
8481716,2024,L,73,1.819
8481719,2024,D,5,-0.039
8473533,2024,C,90,1.975
8481726,2024,C,51,0.098
8481725,2024,L,26,0.355
8481732,2024,L,19,0.03
8481737,2024,C,8,-0.057
8481743,2024,D,46,0.186
8481754,2024,C,20,0.166
8473575,2024,G,10,0
8481789,2024,L,63,-0.018
8481806,2024,D,32,0.013
8481848,2024,C,4,-0.037
8477810,2024,D,53,-0.04
8477831,2024,G,1,0
8477839,2024,L,5,-0.044
8477845,2024,D,92,0.55
8477851,2024,D,37,0.301
8477887,2024,C,15,-0.078
8477903,2024,R,67,0.503
8477919,2024,C,88,1.169
8477931,2024,L,75,0.063
8477932,2024,D,75,1.806
8477933,2024,C,100,4.826
8477934,2024,C,93,5.633
8477935,2024,C,99,3.5
8477938,2024,D,47,0.179
8477939,2024,R,95,4.323
8477940,2024,L,77,3.283
8477942,2024,L,87,2.665
8477944,2024,L,39,0.425
8477946,2024,C,82,3.105
8477947,2024,L,3,-0.002
8477948,2024,D,82,1.048
8477949,2024,R,82,3.012
8477950,2024,D,35,0.863
8477951,2024,C,82,2.541
8477952,2024,C,44,0.206
8477953,2024,R,79,0.215
8477955,2024,L,82,2.327
8477956,2024,R,82,4.955
8482055,2024,L,84,0.328
8477960,2024,R,87,3.671
8477964,2024,L,81,1.761
8482062,2024,R,71,-0.272
8477967,2024,G,23,0
8477968,2024,G,38,0
8477969,2024,D,78,0.877
8477970,2024,G,25,0
8482067,2024,D,2,-0.024
8477971,2024,D,35,-0.057
8482070,2024,R,70,0.442
8482072,2024,D,2,-0.027
8482073,2024,D,80,0.589
8482074,2024,C,54,0.72
8477979,2024,R,22,-0.101
8482076,2024,G,6,0
8482077,2024,L,77,2.533
8482078,2024,L,82,3.568
8482079,2024,C,88,1.972
8477986,2024,D,81,1.693
8477987,2024,C,80,2.251
8477989,2024,C,87,1.136
8477990,2024,G,1,0
8482087,2024,D,60,0.366
8482088,2024,C,1,0.061
8477992,2024,G,19,0
8482089,2024,L,89,2.112
8477993,2024,C,21,0.484
8482092,2024,C,84,0.843
8482093,2024,R,88,4.004
8477998,2024,L,88,1.856
8482095,2024,D,85,0.137
8482094,2024,D,1,-0.003
8482097,2024,R,74,1.276
8482090,2024,C,1,-0.006
8482100,2024,D,4,0.024
8482101,2024,L,12,-0.061
8482102,2024,C,7,-0.074
8478007,2024,G,53,0
8482103,2024,C,5,0.002
8478009,2024,G,61,0
8482105,2024,D,86,2.567
8478010,2024,C,82,3.533
8482109,2024,L,82,0.988
8482110,2024,C,87,0.971
8482111,2024,D,62,0.374
8478013,2024,D,87,2.045
8482113,2024,C,102,2.393
8478017,2024,D,5,-0.026
8482116,2024,C,88,3.458
8478020,2024,R,78,0.556
8482117,2024,L,70,0.336
8482118,2024,R,32,0.256
8478024,2024,G,13,0
8478021,2024,D,7,0.006
8482122,2024,D,84,0.591
8482123,2024,G,2,0
8482124,2024,R,87,2.001
8482125,2024,R,53,0.059
8482126,2024,D,42,0.144
8482131,2024,D,2,-0.015
8482132,2024,L,35,0.265
8482133,2024,C,1,-0.014
8478038,2024,D,83,1.937
8478039,2024,G,1,0
8482137,2024,G,13,0
8478042,2024,L,82,0.992
8478043,2024,C,60,-0.222
8478046,2024,L,79,0.561
8478047,2024,L,76,1.217
8482142,2024,D,70,0.558
8478048,2024,G,61,0
8482146,2024,R,68,1.009
8482145,2024,C,76,0.725
8482148,2024,C,27,0.167
8482149,2024,C,95,2.03
8482144,2024,D,31,0.315
8478055,2024,D,103,1.213
8478056,2024,C,6,0.024
8482153,2024,C,9,-0.113
8478057,2024,C,57,0.018
8482155,2024,R,83,1.631
8482157,2024,L,82,1.58
8482159,2024,R,81,1.327
8482166,2024,D,30,0.244
8482169,2024,D,6,0.012
8482172,2024,L,33,-0.033
8482175,2024,R,77,2.591
8482176,2024,D,57,0.163
8482177,2024,C,75,-0.249
8473986,2024,L,82,0.743
8482178,2024,D,3,0.04
8473994,2024,L,98,1.429
8482192,2024,D,3,0.04
8478099,2024,R,34,0.212
8482201,2024,C,65,0.531
8474013,2024,D,82,0.256
8478109,2024,L,65,1.12
8482206,2024,R,6,-0.013
8482209,2024,C,5,0.158
8478115,2024,L,62,0.159
8482213,2024,C,2,-0.002
8482221,2024,G,9,0
8474034,2024,L,68,0.237
8478133,2024,C,87,1.761
8474037,2024,L,71,1.295
8478136,2024,D,73,0.613
8478146,2024,C,42,-0.095
8478147,2024,L,16,-0.05
8482245,2024,D,62,0.24
8482250,2024,C,7,0.021
8482259,2024,C,87,1.145
8478173,2024,R,2,-0.013
8478178,2024,D,77,1.504
8474090,2024,D,32,0.213
8474102,2024,L,49,0.464
8478211,2024,L,5,0.105
8478233,2024,L,91,0.771
8474141,2024,R,72,2.158
8474145,2024,D,17,0.005
8474149,2024,L,96,1.49
8474150,2024,C,76,1.441
8474151,2024,D,87,1.123
8474157,2024,L,48,0.647
8474166,2024,D,44,0.287
8474189,2024,C,89,0.394
8482408,2024,L,18,-0.086
8482411,2024,G,1,0
8482446,2024,G,15,0
8482447,2024,G,12,0
8482451,2024,L,47,-0.237
8482460,2024,C,42,0.081
8478366,2024,R,81,1.698
8482470,2024,D,5,0.029
8482475,2024,R,30,0.516
8482476,2024,L,67,0.384
8482482,2024,D,23,0.114
8482487,2024,G,19,0
8478396,2024,D,91,1.805
8478397,2024,D,81,1.105
8478398,2024,L,95,5.326
8478399,2024,D,58,0.03
8482496,2024,C,19,0.11
8478401,2024,C,82,1.32
8478402,2024,C,89,6.154
8478403,2024,C,88,4.784
8478400,2024,C,3,-0.021
8478406,2024,G,63,0
8478407,2024,D,62,1.797
8478408,2024,D,19,-0.108
8478409,2024,C,15,0.151
8482507,2024,L,2,-0.014
8478413,2024,L,34,-0.091
8478414,2024,R,85,2.249
8482511,2024,D,77,1.232
8478416,2024,D,81,0.434
8482516,2024,D,29,-0.039
8478421,2024,L,97,0.275
8478420,2024,R,100,4.352
8478424,2024,C,62,-0.156
8478427,2024,C,94,3.077
8478430,2024,D,19,0.134
8478432,2024,R,46,-0.144
8478434,2024,R,93,0.396
8478435,2024,G,30,0
8478438,2024,C,54,0.634
8478439,2024,R,82,2.931
8478440,2024,C,92,2.818
8478443,2024,D,96,-0.162
8478444,2024,R,75,1.579
8478445,2024,C,30,0.598
8478449,2024,C,93,3.538
8478450,2024,D,55,-0.049
8478452,2024,D,6,-0.034
8478454,2024,D,35,-0.223
8478458,2024,C,90,1.263
8478460,2024,D,81,4.262
8478462,2024,C,82,0.987
8478463,2024,R,91,1.17
8478465,2024,D,3,-0.029
8478466,2024,R,31,0.026
8478468,2024,D,28,-0.19
8478469,2024,D,86,2.106
8478470,2024,G,65,0
8478472,2024,R,63,0.145
8478474,2024,L,81,0.11
8478476,2024,D,1,-0.017
8478477,2024,C,28,-0.038
8478483,2024,R,94,4.411
8478492,2024,G,29,0
8478493,2024,C,52,1.249
8478498,2024,L,82,2.021
8478499,2024,G,61,0
8478500,2024,D,82,0.983
8478502,2024,D,29,0.183
8478507,2024,D,35,0.504
8478508,2024,C,82,-0.096
8478519,2024,C,85,2.857
8482623,2024,C,2,-0.012
8482624,2024,D,44,0.148
8482634,2024,C,7,0.045
8482635,2024,L,2,0.033
8478542,2024,C,103,1.111
8482641,2024,D,2,0.047
8478550,2024,L,80,3.62
8482652,2024,R,24,-0.059
8482655,2024,D,59,0.363
8482657,2024,G,1,0
8482659,2024,R,51,0.603
8482660,2024,C,68,2.239
8482661,2024,G,2,0
8482663,2024,L,2,0.041
8482665,2024,C,82,1.03
8478569,2024,C,79,0.094
8482667,2024,L,77,2.037
8482666,2024,D,19,0.21
8482668,2024,G,1,0
8482671,2024,D,79,1.568
8482679,2024,R,77,1.565
8478585,2024,C,36,0.033
8482684,2024,D,72,1.888
8482691,2024,C,33,0.218
8482699,2024,R,70,2.62
8482700,2024,D,43,0.092
8482702,2024,C,93,1.707
8482703,2024,C,25,0.118
8482705,2024,C,66,1.108
8482712,2024,R,2,-0.02
8482713,2024,R,76,1.036
8482715,2024,D,1,-0.006
8482720,2024,L,91,2.532
8482726,2024,C,56,-0.044
8482730,2024,D,84,1.511
8482733,2024,D,7,0.186
8482737,2024,R,79,1.259
8482740,2024,C,100,3.849
8482742,2024,L,62,0.252
8482744,2024,L,2,-0.037
8482745,2024,C,76,1.848
8482747,2024,L,22,-0.123
8482749,2024,R,12,0
8482751,2024,C,12,-0.087
8474563,2024,D,36,0.716
8474564,2024,C,82,1.368
8474565,2024,D,81,1.472
8482758,2024,R,8,0.304
8474567,2024,D,87,0.283
8474568,2024,D,87,-0.109
8482762,2024,D,78,0.972
8482763,2024,R,12,0.014
8482765,2024,R,8,-0.028
8474574,2024,D,71,0.624
8482768,2024,C,52,0.264
8474578,2024,D,82,2.206
8482775,2024,C,21,0.032
8474586,2024,R,42,0.998
8474590,2024,D,89,2.345
8482783,2024,G,17,0
8474593,2024,G,54,0
8482785,2024,C,2,0.088
8482787,2024,R,4,0.17
8474596,2024,G,31,0
8474600,2024,D,53,1.845
8482802,2024,L,1,-0.002
8482803,2024,D,62,0.838
8474612,2024,D,59,-0.03
8482807,2024,D,24,0.133
8482809,2024,R,95,1.777
8470595,2025,,0,0
8470600,2025,,0,0
8470604,2025,,0,0
8470606,2025,,0,0
8470610,2025,,0,0
8470612,2025,,0,0
8470613,2025,D,95,1.152
8470619,2025,,0,0
8470621,2025,R,79,1.315
8470626,2025,,0,0
8470638,2025,,0,0
8478831,2025,C,86,0.631
8478838,2025,,0,0
8478840,2025,D,75,0.144
8478841,2025,D,23,0.104
8478843,2025,,0,0
8478846,2025,,0,0
8478851,2025,D,92,0.685
8478854,2025,D,86,1.173
8478856,2025,R,71,0.975
8478859,2025,D,68,0.019
8478864,2025,L,89,4.474
8478866,2025,,0,0
8478868,2025,,0,0
8478870,2025,,0,0
8478872,2025,G,70,0
8478873,2025,R,73,3.182
8478874,2025,R,66,0.908
8478881,2025,,0,0
8478882,2025,D,82,0.954
8478888,2025,C,3,0.048
8478891,2025,C,65,-0.153
8478904,2025,C,71,0.3
8478906,2025,,0,0
8478911,2025,D,79,0.401
8478915,2025,,0,0
8478916,2025,G,47,0
8470755,2025,,0,0
8478949,2025,,0,0
8478956,2025,,0,0
8478967,2025,C,5,-0.062
8470775,2025,,0,0
8478970,2025,D,91,0.185
8478971,2025,G,37,0
8478975,2025,L,68,1.472
8470794,2025,,0,0
8478996,2025,,0,0
8479022,2025,C,42,0.193
8479026,2025,D,39,-0.161
8479066,2025,L,57,0.044
8470966,2025,,0,0
8479193,2025,G,30,0
8479249,2025,,0,0
8479252,2025,,0,0
8479289,2025,,0,0
8479291,2025,C,1,0.044
8479292,2025,G,21,0
8479293,2025,L,62,-0.412
8479304,2025,,0,0
8479312,2025,G,46,0
8479314,2025,L,31,1.709
8479315,2025,,0,0
8479316,2025,C,62,0.2
8479318,2025,C,60,2.693
8479320,2025,,0,0
8479321,2025,,0,0
8479322,2025,,0,0
8479323,2025,D,55,2.176
8479324,2025,D,76,-0.228
8479325,2025,D,75,2.72
8479328,2025,,0,0
8479329,2025,,0,0
8479330,2025,,0,0
8479333,2025,,0,0
8479335,2025,,0,0
8479336,2025,R,50,0.25
8479337,2025,R,82,4.258
8479338,2025,,0,0
8479339,2025,L,5,0.001
8479341,2025,,0,0
8479343,2025,R,88,3.975
8479344,2025,,0,0
8479345,2025,D,80,2.72
8479346,2025,,0,0
8479347,2025,,0,0
8479348,2025,,0,0
8479351,2025,C,79,0.828
8479353,2025,C,80,0.547
8479355,2025,,0,0
8479356,2025,,0,0
8479359,2025,L,94,-0.105
8479361,2025,G,39,0
8479362,2025,L,4,0.013
8479364,2025,,0,0
8479365,2025,C,78,-0.382
8479366,2025,,0,0
8479367,2025,,0,0
8479368,2025,L,21,0.135
8479369,2025,D,83,0.087
8479370,2025,C,69,0.252
8479371,2025,D,74,0.154
8479372,2025,D,23,0.026
8479373,2025,,0,0
8479375,2025,,0,0
8479376,2025,,0,0
8479378,2025,D,84,0.777
8479379,2025,,0,0
8479382,2025,,0,0
8479383,2025,L,3,-0.04
8479385,2025,R,72,1.909
8479387,2025,D,3,0.031
8479388,2025,D,4,-0.027
8479390,2025,R,68,0.279
8479393,2025,L,37,0.196
8479394,2025,G,40,0
8479395,2025,D,17,0.002
8479398,2025,D,66,0.416
8479400,2025,C,29,0.625
8479402,2025,D,16,-0.031
8479404,2025,,0,0
8471214,2025,L,82,2.717
8471215,2025,C,62,2.771
8479407,2025,L,82,3.089
8479406,2025,G,51,0
8479410,2025,D,84,2.496
8471217,2025,,0,0
8471218,2025,,0,0
8479413,2025,,0,0
8479414,2025,R,36,0.106
8479415,2025,,0,0
8479419,2025,,0,0
8479420,2025,C,94,4.204
8479421,2025,D,15,-0.055
8471228,2025,,0,0
8479423,2025,,0,0
8479425,2025,D,82,1.941
8479439,2025,,0,0
8479442,2025,D,64,0.198
8479447,2025,,0,0
8471260,2025,,0,0
8479458,2025,,0,0
8479465,2025,,0,0
8471274,2025,,0,0
8471276,2025,,0,0
8471284,2025,,0,0
8479482,2025,,0,0
8471303,2025,,0,0
8479496,2025,G,30,0
8479511,2025,,0,0
8479512,2025,,0,0
8479514,2025,,0,0
8479516,2025,,0,0
8479518,2025,,0,0
8479520,2025,L,82,-0.309
8479522,2025,,0,0
8479523,2025,,0,0
8479525,2025,C,84,0.907
8479526,2025,,0,0
8479533,2025,L,13,-0.102
8479534,2025,,0,0
8479536,2025,,0,0
8479542,2025,L,78,3.815
8479543,2025,L,9,-0.124
8479546,2025,,0,0
8479547,2025,,0,0
8479550,2025,C,10,0.174
8479553,2025,,0,0
8479573,2025,,0,0
8479576,2025,D,53,-0.116
8479578,2025,,0,0
8479580,2025,,0,0
8479587,2025,,0,0
8479591,2025,C,58,0.577
8479594,2025,,0,0
8479597,2025,,0,0
8479602,2025,,0,0
8479619,2025,L,85,1.055
8479638,2025,R,65,1.394
8479639,2025,D,16,-0.004
8479644,2025,R,5,0.008
8479661,2025,L,83,0.328
8479671,2025,R,61,0.735
8479675,2025,L,73,1.103
8479705,2025,L,57,0.112
8479718,2025,C,2,0.031
8479729,2025,,0,0
8479746,2025,,0,0
8479772,2025,R,3,0.007
8471669,2025,,0,0
8471675,2025,C,74,2.725
8471677,2025,,0,0
8471685,2025,C,71,0.65
8471686,2025,,0,0
8471698,2025,,0,0
8471699,2025,,0,0
8471707,2025,,0,0
8471709,2025,,0,0
8471724,2025,D,80,1.004
8471729,2025,,0,0
8471734,2025,G,25,0
8471735,2025,,0,0
8479933,2025,,0,0
8479941,2025,R,4,-0.038
8479942,2025,R,18,0.123
8479944,2025,L,27,0.01
8479945,2025,,0,0
8479968,2025,,0,0
8479972,2025,,0,0
8479973,2025,G,53,0
8479974,2025,,0,0
8479976,2025,,0,0
8479977,2025,R,65,0.945
8479979,2025,G,60,0
8479980,2025,D,62,0.217
8479981,2025,L,10,0.08
8479982,2025,D,52,0.085
8479983,2025,D,82,0.375
8479984,2025,,0,0
8479985,2025,D,23,0.043
8471794,2025,,0,0
8479987,2025,C,87,2.911
8479986,2025,,0,0
8479991,2025,,0,0
8479992,2025,C,64,0.081
8479994,2025,,0,0
8479996,2025,C,70,0.931
8479998,2025,D,84,0.367
8479999,2025,C,77,1.175
8480001,2025,D,34,0.103
8480002,2025,C,82,2.778
8480003,2025,C,73,-0.117
8480005,2025,,0,0
8480007,2025,R,4,0.012
8480008,2025,,0,0
8480009,2025,R,78,0.915
8471817,2025,R,50,-0.231
8480011,2025,,0,0
8480012,2025,C,74,1.06
8480014,2025,C,82,2.809
8480015,2025,R,87,2.124
8480018,2025,C,101,3.96
8480019,2025,,0,0
8480021,2025,C,19,-0.139
8480022,2025,G,1,0
8480023,2025,C,64,2.54
8480025,2025,,0,0
8480027,2025,L,88,5.16
8480028,2025,C,82,1.161
8480029,2025,,0,0
8480031,2025,,0,0
8480032,2025,,0,0
8480034,2025,,0,0
8480035,2025,D,43,0.436
8480036,2025,D,83,2.736
8480037,2025,,0,0
8480039,2025,C,91,5.041
8480041,2025,,0,0
8480043,2025,D,47,0.159
8480045,2025,G,41,0
8480049,2025,D,66,0.079
8480051,2025,G,3,0
8480053,2025,,0,0
8480054,2025,,0,0
8480056,2025,,0,0
8480058,2025,D,31,0.122
8480060,2025,,0,0
8480064,2025,C,54,1.227
8471873,2025,,0,0
8480068,2025,C,86,1.654
8480069,2025,D,86,3.792
8480070,2025,,0,0
8480071,2025,,0,0
8480072,2025,,0,0
8480073,2025,,0,0
8480074,2025,L,70,0.823
8480075,2025,D,7,-0.005
8480078,2025,C,12,0.011
8471887,2025,,0,0
8480083,2025,,0,0
8480084,2025,D,40,0.187
8480087,2025,,0,0
8480113,2025,L,79,0.662
8480144,2025,C,40,-0.119
8480145,2025,D,51,0.081
8480157,2025,,0,0
8480160,2025,,0,0
8480172,2025,,0,0
8480184,2025,,0,0
8480185,2025,C,73,0.906
8480188,2025,L,86,0.972
8480192,2025,D,34,0.163
8480193,2025,G,33,0
8480196,2025,D,50,0.124
8480205,2025,,0,0
8480208,2025,R,83,3.098
8480216,2025,,0,0
8480220,2025,L,90,1.657
8480222,2025,,0,0
8480226,2025,,0,0
8480231,2025,,0,0
8480238,2025,G,1,0
8480242,2025,,0,0
8480245,2025,R,7,0.068
8480246,2025,D,79,0.112
8480252,2025,,0,0
8480259,2025,C,28,-0.029
8480267,2025,,0,0
8480274,2025,,0,0
8480275,2025,,0,0
8480280,2025,G,61,0
8480281,2025,R,65,-0.17
8480289,2025,C,65,1.156
8480291,2025,C,4,-0.074
8480292,2025,,0,0
8480293,2025,,0,0
8480304,2025,,0,0
8480306,2025,,0,0
8480313,2025,G,58,0
8480326,2025,C,5,-0.026
8480328,2025,,0,0
8480336,2025,D,100,0.798
8480355,2025,C,88,0.755
8480384,2025,,0,0
8480426,2025,D,73,0.951
8480434,2025,D,66,0.982
8480439,2025,,0,0
8480441,2025,,0,0
8480443,2025,,0,0
8480448,2025,C,95,1.16
8480459,2025,C,64,1.058
8480466,2025,,0,0
8480467,2025,,0,0
8480468,2025,,0,0
8472382,2025,,0,0
8480727,2025,D,78,0.117
8480748,2025,L,72,1.065
8480762,2025,L,86,0.363
8480776,2025,,0,0
8480789,2025,,0,0
8480796,2025,D,81,0.772
8480797,2025,L,82,1.103
8480798,2025,C,43,0.478
8480800,2025,D,85,3.982
8480801,2025,L,64,2.858
8480802,2025,C,94,2.308
8480803,2025,D,88,4.911
8480806,2025,C,68,-0.08
8480807,2025,D,91,1.861
8480813,2025,C,70,-0.51
8480814,2025,,0,0
8480817,2025,D,91,1.237
8480820,2025,,0,0
8480821,2025,,0,0
8480822,2025,,0,0
8480823,2025,,0,0
8480825,2025,R,3,0.026
8480828,2025,D,5,-0.007
8480829,2025,C,42,0.068
8480830,2025,R,98,2.795
8480831,2025,D,29,-0.06
8480833,2025,,0,0
8480834,2025,D,78,0.182
8480835,2025,C,95,1.049
8480836,2025,,0,0
8480839,2025,D,90,4.136
8480840,2025,C,78,-0.161
8480842,2025,C,13,0.12
8480843,2025,G,68,0
8480844,2025,,0,0
8480845,2025,,0,0
8480846,2025,,0,0
8480847,2025,,0,0
8480848,2025,C,46,0.371
8480849,2025,C,68,0.683
8480851,2025,,0,0
8480853,2025,C,1,-0.011
8480855,2025,C,77,0.685
8480858,2025,,0,0
8480860,2025,D,76,0.038
8480863,2025,,0,0
8480865,2025,D,93,1.803
8480870,2025,C,13,0.184
8480871,2025,D,28,0.028
8480873,2025,D,73,1.0
8480874,2025,D,5,-0.051
8480876,2025,C,43,-0.064
8480878,2025,D,56,0.264
8480879,2025,D,63,-0.189
8480880,2025,,0,0
8480883,2025,,0,0
8480884,2025,,0,0
8480887,2025,D,9,0.125
8480890,2025,,0,0
8480891,2025,D,35,-0.113
8480893,2025,R,76,3.047
8480901,2025,,0,0
8480913,2025,,0,0
8480935,2025,,0,0
8480945,2025,,0,0
8480947,2025,G,47,0
8480950,2025,D,55,0.199
8480977,2025,,0,0
8480979,2025,,0,0
8480980,2025,C,84,0.926
8480981,2025,G,46,0
8480988,2025,,0,0
8480990,2025,D,26,0.195
8480994,2025,,0,0
8480995,2025,R,70,0.517
8481003,2025,,0,0
8481004,2025,L,2,-0.043
8481006,2025,D,69,0.569
8481013,2025,R,51,0.586
8481014,2025,D,15,-0.032
8481016,2025,,0,0
8481019,2025,,0,0
8481020,2025,G,28,0
8481024,2025,C,79,1.348
8481028,2025,C,22,-0.083
8481030,2025,D,20,0.253
8481032,2025,L,79,0.184
8481033,2025,G,34,0
8481035,2025,G,33,0
8481042,2025,,0,0
8481043,2025,L,66,0.337
8481056,2025,D,66,0.052
8481058,2025,,0,0
8481059,2025,,0,0
8481061,2025,,0,0
8481065,2025,C,8,-0.007
8481068,2025,C,78,0.643
8481070,2025,L,3,0.079
8481072,2025,,0,0
8481077,2025,L,11,0.075
8481093,2025,L,1,0.018
8481102,2025,,0,0
8481122,2025,D,73,-0.211
8481133,2025,L,59,0.177
8481147,2025,,0,0
8481161,2025,D,40,-0.032
8481167,2025,D,39,0.074
8481178,2025,D,33,-0.045
8481186,2025,R,26,-0.114
8481206,2025,,0,0
8481219,2025,D,67,0.348
8481237,2025,C,59,-0.233
8481239,2025,,0,0
8465009,2025,,0,0
8481422,2025,,0,0
8481433,2025,,0,0
8481441,2025,,0,0
8481461,2025,,0,0
8481462,2025,,0,0
8481477,2025,C,57,0.449
8481481,2025,C,61,0.802
8481486,2025,,0,0
8481489,2025,,0,0
8481491,2025,C,17,0.082
8481517,2025,R,6,-0.038
8481518,2025,L,12,-0.007
8481519,2025,G,55,0
8481521,2025,,0,0
8481522,2025,C,95,1.059
8481523,2025,C,56,0.431
8481524,2025,D,95,1.777
8481525,2025,D,72,0.32
8481527,2025,D,91,0.335
8481528,2025,C,86,2.49
8481529,2025,G,4,0
8481530,2025,,0,0
8481532,2025,C,63,0.166
8481533,2025,C,91,2.842
8481534,2025,C,1,-0.014
8481535,2025,L,38,-0.179
8481536,2025,,0,0
8481537,2025,,0,0
8481540,2025,R,100,5.013
8481541,2025,,0,0
8481542,2025,D,82,2.399
8481543,2025,,0,0
8481544,2025,G,2,0
8481546,2025,D,84,0.822
8481547,2025,D,1,0.001
8481550,2025,,0,0
8481551,2025,G,16,0
8481552,2025,,0,0
8481553,2025,R,72,0.886
8481554,2025,R,65,1.324
8481555,2025,,0,0
8481556,2025,C,35,0.212
8481557,2025,L,87,4.456
8481559,2025,C,61,3.679
8481560,2025,R,2,0.051
8481562,2025,D,1,-0.011
8481563,2025,D,68,0.293
8481564,2025,D,3,-0.016
8481567,2025,D,4,-0.025
8481568,2025,D,81,0.221
8481569,2025,D,8,0.122
8481572,2025,D,5,-0.02
8481575,2025,D,12,0.112
8481576,2025,,0,0
8481577,2025,R,9,-0.037
8481578,2025,,0,0
8481580,2025,L,78,1.739
8481581,2025,D,76,1.176
8481582,2025,L,78,1.051
8481585,2025,,0,0
8481591,2025,R,2,-0.03
8481592,2025,L,5,-0.018
8481593,2025,D,71,0.134
8481594,2025,R,1,-0.009
8481596,2025,C,76,2.142
8481598,2025,D,81,1.014
8481599,2025,D,8,0.01
8481600,2025,D,19,0.119
8481601,2025,R,79,1.284
8481604,2025,R,104,3.332
8481605,2025,D,94,2.949
8481606,2025,D,77,0.979
8481607,2025,D,82,0.048
8473415,2025,,0,0
8481609,2025,D,13,0.101
8473419,2025,L,52,2.632
8481611,2025,G,9,0
8473422,2025,L,65,0.283
8481617,2025,R,88,1.239
8481618,2025,C,61,0.869
8481624,2025,R,77,0.949
8481626,2025,,0,0
8473446,2025,,0,0
8481641,2025,L,56,0.029
8473449,2025,,0,0
8473453,2025,,0,0
8481649,2025,,0,0
8481655,2025,R,29,0.164
8481656,2025,L,76,1.974
8473463,2025,,0,0
8481657,2025,,0,0
8473473,2025,,0,0
8481668,2025,G,42,0
8481679,2025,,0,0
8481683,2025,,0,0
8481690,2025,,0,0
8481692,2025,G,57,0
8473503,2025,G,14,0
8473504,2025,,0,0
8473507,2025,D,70,0.042
8481699,2025,,0,0
8481701,2025,,0,0
8481703,2025,,0,0
8473512,2025,R,86,1.399
8481704,2025,C,20,0.004
8481708,2025,,0,0
8481711,2025,L,71,1.262
8481712,2025,R,4,-0.032
8481715,2025,D,1,-0.008
8481716,2025,L,63,1.217
8481719,2025,D,37,0.256
8481720,2025,,0,0
8481721,2025,R,66,0.922
8481725,2025,L,64,0.167
8481726,2025,C,35,0.058
8473533,2025,C,94,1.472
8481732,2025,L,7,0.031
8473544,2025,,0,0
8481737,2025,,0,0
8473548,2025,,0,0
8481740,2025,,0,0
8481743,2025,,0,0
8481751,2025,,0,0
8481754,2025,C,29,0.138
8473563,2025,,0,0
8481789,2025,L,64,0.394
8473604,2025,C,82,0.2
8481806,2025,D,78,0.789
8473618,2025,,0,0
8481812,2025,,0,0
8481815,2025,,0,0
8481827,2025,,0,0
8481848,2025,C,4,-0.039
8481849,2025,,0,0
8482055,2025,L,82,0.774
8482061,2025,,0,0
8482062,2025,R,85,-0.097
8482067,2025,D,3,-0.036
8482070,2025,R,11,-0.03
8482072,2025,D,14,0.055
8482073,2025,D,82,0.216
8482074,2025,C,74,0.622
8482076,2025,G,3,0
8482077,2025,L,59,2.086
8482078,2025,L,80,3.256
8482079,2025,C,50,1.115
8482081,2025,,0,0
8482087,2025,D,58,0.537
8482088,2025,C,78,1.129
8482089,2025,L,69,1.14
8482090,2025,C,44,-0.183
8482092,2025,C,81,1.154
8482093,2025,R,90,3.458
8482094,2025,D,37,0.192
8482095,2025,D,72,0.45
8482097,2025,R,95,2.377
8482100,2025,D,98,1.136
8482101,2025,,0,0
8482102,2025,,0,0
8482103,2025,C,40,-0.13
8482105,2025,D,70,2.523
8482107,2025,D,18,0.156
8482109,2025,L,82,2.167
8482110,2025,C,82,1.362
8482111,2025,D,52,0.166
8482113,2025,C,64,1.817
8482116,2025,C,84,3.701
8482117,2025,L,30,0.035
8482118,2025,R,9,-0.057
8482122,2025,D,91,2.165
8482123,2025,G,3,0
8482124,2025,R,83,1.934
8482125,2025,R,28,0.218
8482126,2025,D,65,0.398
8482131,2025,D,42,0.097
8482132,2025,L,13,-0.138
8482133,2025,,0,0
8482137,2025,G,47,0
8482141,2025,,0,0
8482142,2025,D,88,1.091
8482144,2025,,0,0
8482145,2025,C,88,1.375
8482146,2025,R,81,2.058
8482147,2025,,0,0
8482148,2025,C,74,0.393
8482149,2025,C,68,1.084
8482150,2025,,0,0
8482153,2025,C,3,0.037
8482155,2025,R,86,1.642
8482157,2025,L,82,1.003
8482159,2025,R,39,0.49
8482162,2025,L,3,-0.019
8482165,2025,D,57,0.048
8482166,2025,D,50,0.224
8482167,2025,R,2,-0.026
8482168,2025,D,2,0.031
8482169,2025,,0,0
8482172,2025,L,53,-0.041
8482174,2025,D,3,-0.026
8482175,2025,R,88,1.399
8482176,2025,D,77,0.244
8482177,2025,C,83,0.891
8473986,2025,L,94,1.0
8482178,2025,D,77,0.18
8482179,2025,,0,0
8482181,2025,,0,0
8473994,2025,L,66,1.163
8482187,2025,D,1,-0.01
8482192,2025,D,3,-0.015
8482193,2025,G,3,0
8482197,2025,,0,0
8482201,2025,C,81,1.17
8474009,2025,,0,0
8474013,2025,D,88,0.582
8482206,2025,R,7,-0.053
8482207,2025,,0,0
8482209,2025,C,4,-0.083
8474027,2025,,0,0
8482222,2025,,0,0
8474031,2025,,0,0
8474034,2025,,0,0
8474037,2025,L,72,1.362
8474038,2025,,0,0
8474040,2025,,0,0
8482241,2025,,0,0
8482243,2025,,0,0
8482245,2025,D,82,0.688
8474053,2025,,0,0
8474056,2025,,0,0
8482250,2025,,0,0
8474062,2025,,0,0
8474066,2025,,0,0
8482259,2025,C,78,1.687
8474068,2025,,0,0
8474089,2025,,0,0
8474090,2025,D,15,0.021
8474098,2025,,0,0
8474102,2025,L,65,0.83
8474141,2025,R,67,2.36
8474145,2025,,0,0
8474149,2025,L,24,-0.165
8474150,2025,C,82,1.888
8474151,2025,D,55,0.672
8474157,2025,,0,0
8474161,2025,,0,0
8474162,2025,,0,0
8474166,2025,,0,0
8474176,2025,,0,0
8474189,2025,C,72,0.271
8474190,2025,,0,0
8474207,2025,,0,0
8482399,2025,,0,0
8482408,2025,L,62,0.037
8474218,2025,,0,0
8482411,2025,G,1,0
8482445,2025,G,31,0
8482447,2025,G,20,0
8482448,2025,,0,0
8482451,2025,L,5,0.022
8482452,2025,,0,0
8482460,2025,C,26,-0.165
8482470,2025,D,33,0.256
8482475,2025,R,78,1.668
8482476,2025,L,82,1.006
8482479,2025,C,1,-0.007
8482482,2025,D,58,0.414
8474291,2025,,0,0
8482487,2025,G,62,0
8482496,2025,C,2,-0.018
8482507,2025,,0,0
8482511,2025,D,76,0.768
8482515,2025,G,3,0
8482516,2025,D,29,-0.026
8466138,2025,,0,0
8482525,2025,C,2,-0.029
8482623,2025,C,36,-0.095
8482624,2025,D,1,-0.011
8482634,2025,C,45,0.382
8482635,2025,,0,0
8482641,2025,D,6,-0.005
8482652,2025,R,3,-0.031
8482654,2025,,0,0
8482655,2025,D,86,0.943
8482659,2025,R,95,2.586
8482660,2025,C,76,0.764
8482661,2025,G,45,0
8482663,2025,L,1,-0.006
8482665,2025,C,82,1.729
8482666,2025,D,29,0.072
8482667,2025,L,78,2.009
8482671,2025,D,94,0.979
8482673,2025,R,2,-0.005
8482679,2025,R,80,1.63
8482684,2025,D,68,1.344
8482691,2025,C,66,0.132
8482698,2025,C,1,-0.005
8482699,2025,R,85,3.415
8482700,2025,,0,0
8482702,2025,C,100,1.837
8482703,2025,C,66,-0.024
8482705,2025,C,81,0.799
8482711,2025,,0,0
8482712,2025,,0,0
8482713,2025,R,77,1.065
8482715,2025,D,18,0.39
8482720,2025,L,79,2.701
8482726,2025,C,57,0.028
8482730,2025,D,86,1.727
8482731,2025,D,15,-0.012
8482733,2025,D,67,0.232
8482737,2025,R,97,0.846
8482740,2025,C,88,4.474
8482742,2025,L,25,0.056
8482744,2025,,0,0
8482745,2025,C,85,1.586
8482747,2025,L,19,0.027
8482749,2025,R,3,-0.042
8482751,2025,C,68,0.391
8474563,2025,D,76,0.348
8474564,2025,C,82,2.557
8474565,2025,,0,0
8482758,2025,R,39,-0.023
8474567,2025,D,50,-0.016
8474568,2025,D,52,0.016
8482761,2025,G,8,0
8482762,2025,D,72,0.807
8482763,2025,,0,0
8482765,2025,R,37,0.177
8474574,2025,D,78,-0.035
8482766,2025,L,3,0
8482768,2025,C,70,0.284
8474573,2025,,0,0
8474578,2025,D,81,2.9
8482775,2025,C,89,1.29
8474584,2025,,0,0
8474586,2025,R,80,2.101
8482781,2025,D,1,-0.001
8474590,2025,D,83,2.926
8482783,2025,G,4,0
8474589,2025,,0,0
8474593,2025,G,44,0
8482785,2025,C,2,0.044
8482787,2025,R,11,-0.104
8474596,2025,G,37,0
8482784,2025,,0,0
8474600,2025,D,68,2.446
8474602,2025,,0,0
8482802,2025,L,8,-0.081
8482803,2025,D,79,0.823
8474612,2025,D,26,0.011
8482804,2025,D,3,-0.028
8474610,2025,,0,0
8482807,2025,D,19,-0.042
8474613,2025,,0,0
8482809,2025,R,100,2.71
8474618,2025,,0,0
8482815,2025,,0,0
8474628,2025,,0,0
8482821,2025,G,26,0
8482824,2025,,0,0
8482829,2025,,0,0
8474641,2025,C,66,0.45
8482834,2025,,0,0
8482858,2025,D,67,0.227
8482859,2025,C,59,-0.036
8482861,2025,D,27,-0.059
8474673,2025,,0,0
8482866,2025,,0,0
8474679,2025,R,51,0.143
8482873,2025,D,2,-0.014
8482874,2025,R,36,-0.084
8474683,2025,,0,0
8482877,2025,R,28,0.168
8474688,2025,,0,0
8474697,2025,,0,0
8482896,2025,C,52,-0.15
8474709,2025,,0,0
8474715,2025,,0,0
8474716,2025,D,90,0.518
8482911,2025,D,38,0.235
8474722,2025,,0,0
8482929,2025,D,57,0.222
8482941,2025,L,1,-0.01
8482947,2025,C,60,0.17
8482949,2025,G,1,0
8482953,2025,L,12,-0.1
8482964,2025,D,78,-0.147
8482982,2025,G,55,0
8482993,2025,R,16,0.152
8474818,2025,,0,0
8483012,2025,,0,0
8483039,2025,C,4,0.02
8474849,2025,,0,0
8483045,2025,,0,0
8474870,2025,,0,0
8474884,2025,,0,0
8483114,2025,G,3,0
8475098,2025,,0,0
8475149,2025,L,86,1.688
8475151,2025,C,25,0.978
8475158,2025,C,81,2.865
8475160,2025,,0,0
8475163,2025,,0,0
8475164,2025,,0,0
8475166,2025,C,82,2.443
8475167,2025,D,33,0.685
8475168,2025,C,63,2.068
8475169,2025,L,71,0.7
8475170,2025,C,80,0.721
8475171,2025,D,78,1.409
8475172,2025,C,90,2.013
8475176,2025,,0,0
8475177,2025,,0,0
8475178,2025,,0,0
8475179,2025,D,19,-0.209
8475181,2025,D,32,0.051
8475184,2025,L,87,2.038
8475186,2025,,0,0
8475188,2025,D,84,0.168
8475191,2025,R,76,0.695
8475193,2025,,0,0
8475197,2025,,0,0
8475200,2025,D,82,1.08
8483395,2025,L,28,0.013
8483397,2025,C,7,-0.077
8483398,2025,D,44,-0.091
8475208,2025,D,86,0.131
8475209,2025,,0,0
8483401,2025,,0,0
8483406,2025,R,37,0
8483407,2025,,0,0
8475218,2025,D,88,1.731
8475220,2025,L,67,-0.077
8475225,2025,,0,0
8475227,2025,,0,0
8475231,2025,C,81,0.388
8483424,2025,C,15,-0.042
8483425,2025,D,56,0
8475233,2025,,0,0
8475235,2025,L,32,-0.243
8475236,2025,,0,0
8483429,2025,D,2,-0.012
8483431,2025,C,60,1.428
8483432,2025,C,14,-0.064
8483433,2025,R,6,-0.05
8483435,2025,D,2,-0.008
8475246,2025,,0,0
8483444,2025,C,3,-0.011
8483445,2025,L,88,3.495
8475253,2025,L,3,-0.029
8483447,2025,C,16,-0.039
8483448,2025,D,4,0.028
8483450,2025,C,81,0.913
8483452,2025,C,9,0.025
8483455,2025,L,29,0.055
8483457,2025,D,101,4.006
8483460,2025,D,26,-0.206
8483461,2025,,0,0
8483463,2025,C,5,-0.042
8483464,2025,C,81,0.181
8483465,2025,R,16,-0.005
8483466,2025,D,13,-0.006
8483467,2025,D,3,0.087
8483468,2025,C,12,0.143
8475278,2025,,0,0
8475279,2025,D,82,0.032
8483471,2025,C,25,0.09
8483472,2025,D,5,0.017
8483476,2025,R,13,-0.018
8475287,2025,L,81,0.948
8483481,2025,,0,0
8483482,2025,D,1,0.064
8483485,2025,D,75,1.064
8483487,2025,R,24,0.176
8483489,2025,C,88,0.791
8483490,2025,D,85,0.68
8483491,2025,L,13,0.063
8483493,2025,C,66,1.274
8483495,2025,D,68,0.889
8483497,2025,R,28,0.179
8483499,2025,L,69,0.343
8483500,2025,C,63,0.738
8483503,2025,D,4,-0.037
8475311,2025,G,50,0
8483505,2025,C,3,0.058
8483506,2025,D,54,0.258
8475314,2025,L,82,1.917
8483510,2025,D,32,0
8483512,2025,C,88,1.274
8483513,2025,L,47,0.025
8483515,2025,L,101,3.178
8475324,2025,D,61,0.425
8483516,2025,R,70,2.149
8483524,2025,C,74,0.534
8483525,2025,R,82,0.774
8483526,2025,C,6,0.006
8483531,2025,L,15,-0.021
8483532,2025,G,4,0
8475343,2025,C,97,0.721
8483538,2025,,0,0
8483546,2025,D,1,-0.004
8483548,2025,G,43,0
8483549,2025,,0,0
8483553,2025,C,49,-0.013
8483565,2025,D,66,1.024
8483567,2025,C,1,-0.016
8483570,2025,C,52,0.518
8483573,2025,R,62,1.011
8483597,2025,,0,0
8475413,2025,C,2,-0.016
8483609,2025,R,79,0
8483619,2025,,0,0
8483620,2025,,0,0
8483630,2025,L,24,0.455
8483641,2025,,0,0
8475455,2025,D,82,0.017
8475461,2025,L,2,-0.02
8475462,2025,D,57,0.299
8483668,2025,G,3,0
8483669,2025,L,11,0.142
8483675,2025,C,2,-0.016
8483676,2025,C,30,0.432
8483678,2025,D,70,0.089
8483686,2025,D,15,-0.049
8483687,2025,D,4,0.135
8483690,2025,C,74,0.476
8483696,2025,R,1,0.044
8483699,2025,D,1,0.053
8483703,2025,G,5,0
8483709,2025,D,4,-0.038
8483710,2025,G,20,0
8483712,2025,D,4,0.013
8483728,2025,C,10,-0.015
8483731,2025,L,23,0.315
8483733,2025,R,55,0.102
8483746,2025,G,1,0
8483752,2025,C,50,0.469
8483756,2025,R,27,-0.01
8483760,2025,D,1,0.048
8483763,2025,,0,0
8483766,2025,D,2,-0.013
8483768,2025,D,24,0.031
8483771,2025,L,19,0.092
8483808,2025,L,53,0.684
8475625,2025,,0,0
8483841,2025,C,5,-0.065
8475660,2025,G,34,0
8475683,2025,G,52,0
8475690,2025,D,11,0.033
8475692,2025,R,67,2.308
8483890,2025,R,55,0.967
8475714,2025,C,56,-0.176
8475717,2025,G,16,0
8475718,2025,D,9,0.027
8475722,2025,L,75,1.839
8475726,2025,C,79,2.152
8475728,2025,,0,0
8483920,2025,,0,0
8475735,2025,,0,0
8483930,2025,C,9,-0.016
8475744,2025,,0,0
8475745,2025,C,82,2.902
8475747,2025,,0,0
8475750,2025,,0,0
8475752,2025,C,32,-0.071
8475753,2025,D,78,1.574
8475754,2025,C,94,2.857
8475755,2025,D,55,0.139
8475760,2025,C,61,0.007
8475762,2025,D,2,-0.005
8475763,2025,R,28,0.215
8475764,2025,D,82,0.708
8475765,2025,R,86,1.779
8475766,2025,,0,0
8475768,2025,L,50,0.733
8475772,2025,,0,0
8475780,2025,,0,0
8475784,2025,L,32,0.429
8475786,2025,L,64,2.512
8475790,2025,D,37,-0.106
8475791,2025,L,99,2.328
8475792,2025,,0,0
8475793,2025,,0,0
8475794,2025,C,27,0.449
8475795,2025,D,13,-0.039
8475796,2025,,0,0
8475797,2025,,0,0
8475798,2025,C,70,1.519
8475799,2025,R,61,0.464
8475809,2025,G,56,0
8475810,2025,R,78,2.724
8475820,2025,,0,0
8475825,2025,,0,0
8475831,2025,G,32,0
8475842,2025,C,74,0.361
8475848,2025,R,80,0.668
8475852,2025,G,10,0
8475855,2025,,0,0
8475857,2025,D,1,-0.009
8475883,2025,G,51,0
8475906,2025,D,56,0.91
8475913,2025,R,77,3.575
8484125,2025,,0,0
8484135,2025,C,15,-0.079
8484136,2025,C,66,0.369
8484142,2025,C,53,0.396
8484144,2025,C,69,3.311
8484145,2025,L,78,2.04
8484148,2025,D,2,0.088
8484149,2025,C,56,0.31
8484150,2025,D,34,0.133
8475958,2025,,0,0
8484152,2025,D,3,-0.018
8484153,2025,C,82,3.482
8484158,2025,R,66,0.646
8484160,2025,C,28,0.124
8475968,2025,,0,0
8484164,2025,R,71,0.02
8484166,2025,C,82,2.243
8484168,2025,C,13,-0.038
8484169,2025,D,9,0.027
8484170,2025,G,18,0
8484177,2025,R,33,0.135
8484180,2025,L,18,0.049
8484185,2025,L,41,0.583
8484186,2025,R,75,1.728
8484188,2025,D,17,0.111
8484197,2025,C,51,0.45
8484203,2025,L,12,0.035
8484210,2025,R,49,0.842
8484214,2025,C,3,-0.042
8484220,2025,D,2,0.046
8484221,2025,C,65,0.975
8484223,2025,D,68,0.511
8484227,2025,C,69,2.436
8484230,2025,C,32,0.139
8484234,2025,L,6,0
8484240,2025,D,70,0.544
8484241,2025,R,71,0.95
8484242,2025,C,3,-0.02
8484254,2025,,0,0
8484255,2025,R,4,-0.045
8484256,2025,,0,0
8484258,2025,D,93,1.571
8484259,2025,,0,0
8484262,2025,D,9,0.012
8484268,2025,G,21,0
8484287,2025,D,3,-0.014
8484304,2025,D,54,0.491
8484305,2025,D,45,0.193
8484314,2025,,0,0
8484321,2025,D,54,-0.132
8484325,2025,,0,0
8484326,2025,,0,0
8476166,2025,,0,0
8484380,2025,C,3,0.046
8484386,2025,D,28,-0.172
8484387,2025,R,89,2.035
8484388,2025,L,29,0.17
8484392,2025,R,1,0.034
8484403,2025,L,5,0.002
8484406,2025,C,6,-0.013
8484428,2025,D,12,0.072
8476278,2025,C,76,0.191
8484471,2025,C,82,0.848
8476285,2025,,0,0
8476288,2025,,0,0
8476292,2025,L,80,-0.014
8476310,2025,,0,0
8476312,2025,D,88,1.276
8476316,2025,G,1,0
8484509,2025,C,29,-0.015
8476323,2025,,0,0
8476326,2025,,0,0
8476329,2025,,0,0
8476331,2025,D,82,0.057
8484529,2025,C,5,0.024
8476341,2025,G,40,0
8476345,2025,,0,0
8476346,2025,,0,0
8476368,2025,,0,0
8476372,2025,D,90,0.007
8476374,2025,C,88,0.671
8476389,2025,C,67,1.798
8476390,2025,,0,0
8476391,2025,C,1,-0.002
8476392,2025,C,70,0.402
8476393,2025,C,85,0.417
8476396,2025,,0,0
8476399,2025,L,69,1.24
8476400,2025,,0,0
8476404,2025,,0,0
8476410,2025,,0,0
8476412,2025,G,41,0
8476415,2025,,0,0
8476419,2025,C,74,1.029
8476422,2025,D,44,0.294
8476425,2025,C,1,-0.001
8476428,2025,,0,0
8476429,2025,D,80,0.158
8476432,2025,C,67,1.341
8476434,2025,G,57,0
8476436,2025,,0,0
8476437,2025,,0,0
8476438,2025,L,54,0.142
8476439,2025,,0,0
8476441,2025,D,86,0.523
8476442,2025,,0,0
8476448,2025,C,29,0.207
8476449,2025,,0,0
8476453,2025,R,83,6.107
8476454,2025,C,78,2.124
8476455,2025,L,73,1.125
8476456,2025,L,50,0.795
8476457,2025,D,82,0.431
8476458,2025,C,52,0.452
8476459,2025,C,81,3.227
8476460,2025,C,82,4.153
8476461,2025,C,88,1.278
8476462,2025,D,77,1.554
8476463,2025,D,67,0.429
8476466,2025,,0,0
8476467,2025,D,78,0.172
8476468,2025,C,68,1.858
8476469,2025,R,70,0.538
8476470,2025,,0,0
8476473,2025,D,86,0.411
8476474,2025,R,38,0.141
8476479,2025,C,94,0.404
8476480,2025,C,60,0.164
8476483,2025,R,66,2.447
8476495,2025,,0,0
8476505,2025,,0,0
8476525,2025,D,18,0.037
8476539,2025,R,62,1.203
8476545,2025,,0,0
8484759,2025,D,5,0.167
8484762,2025,R,94,2.661
8484768,2025,D,37,0.286
8484779,2025,C,5,-0.051
8484783,2025,D,68,0.618
8484793,2025,C,7,0.023
8484794,2025,R,14,-0.082
8484797,2025,C,13,0.126
8484798,2025,D,76,0.642
8484800,2025,C,66,0.249
8484801,2025,C,82,5.293
8484806,2025,D,72,0.192
8476624,2025,C,82,-0.049
8484821,2025,C,3,-0.015
8484829,2025,C,87,0.721
8484839,2025,D,9,0.019
8484860,2025,R,37,0.684
8484873,2025,D,14,0.477
8484901,2025,C,23,-0.111
8484910,2025,G,1,0
8484911,2025,R,81,1.683
8484929,2025,,0,0
8484933,2025,D,4,0.05
8484938,2025,R,24,0.115
8484958,2025,R,49,-0.21
8476779,2025,,0,0
8484976,2025,,0,0
8484984,2025,R,101,2.48
8476792,2025,,0,0
8484994,2025,L,28,0.779
8484999,2025,L,4,0.181
8476807,2025,,0,0
8476822,2025,C,80,0.071
8476826,2025,C,89,0.576
8476850,2025,,0,0
8476851,2025,,0,0
8476853,2025,D,78,1.271
8476854,2025,D,73,0.736
8476856,2025,D,11,0.051
8476858,2025,,0,0
8476867,2025,C,25,0.071
8476869,2025,D,82,0.47
8476870,2025,,0,0
8476871,2025,L,56,0.239
8476872,2025,C,68,0.514
8476873,2025,L,87,0.792
8476874,2025,D,43,0.458
8476875,2025,D,97,1.173
8476878,2025,C,81,0.21
8476879,2025,D,86,-0.222
8476880,2025,R,72,2.78
8476881,2025,C,104,2.231
8476882,2025,C,75,0.622
8476883,2025,G,65,0
8476884,2025,,0,0
8476885,2025,D,93,1.098
8476886,2025,,0,0
8476887,2025,L,82,3.149
8476889,2025,C,64,0.615
8476891,2025,D,69,0.047
8476892,2025,D,77,0.242
8476897,2025,C,52,0.451
8476899,2025,G,5,0
8476902,2025,D,88,0.894
8476905,2025,C,80,1.005
8476906,2025,D,74,2.268
8476907,2025,L,8,0.126
8476913,2025,,0,0
8476914,2025,G,32,0
8476915,2025,,0,0
8485105,2025,,0,0
8476917,2025,D,82,0.175
8476918,2025,,0,0
8476919,2025,,0,0
8476921,2025,L,96,0.436
8476923,2025,D,71,1.09
8476924,2025,,0,0
8476925,2025,C,88,0.219
8476927,2025,C,35,0.418
8476931,2025,D,80,0.537
8476932,2025,G,26,0
8476934,2025,,0,0
8476941,2025,,0,0
8476945,2025,G,57,0
8476948,2025,,0,0
8476952,2025,C,8,-0.035
8476958,2025,D,58,-0.128
8476960,2025,,0,0
8476966,2025,,0,0
8476967,2025,D,96,-0.175
8476975,2025,,0,0
8476979,2025,D,2,-0.023
8476981,2025,R,91,0.339
8476982,2025,,0,0
8476983,2025,,0,0
8476988,2025,D,1,-0.007
8476989,2025,,0,0
8476994,2025,C,65,0.427
8476999,2025,G,53,0
8477003,2025,,0,0
8477015,2025,R,75,1.467
8477018,2025,D,62,0.537
8477021,2025,C,40,0.266
8477034,2025,D,4,-0.029
8485251,2025,C,3,-0.025
8477070,2025,C,41,-0.095
8477073,2025,L,19,-0.066
8477126,2025,,0,0
8477149,2025,R,28,0
8485366,2025,D,82,2.738
8485385,2025,C,3,-0.034
8485388,2025,R,1,0.032
8485391,2025,C,12,0.325
8485395,2025,C,5,-0.02
8477205,2025,,0,0
8485402,2025,C,45,0.771
8477210,2025,,0,0
8485405,2025,C,3,0.025
8485406,2025,R,19,0.527
8477215,2025,,0,0
8477220,2025,D,88,0.496
8485414,2025,C,83,1.224
8477240,2025,,0,0
8477244,2025,,0,0
8485467,2025,C,4,-0.002
8485469,2025,,0,0
8477290,2025,,0,0
8485483,2025,,0,0
8485493,2025,R,22,0.133
8485511,2025,R,4,0.024
8485512,2025,C,51,-0.099
8477320,2025,L,4,0.023
8477330,2025,,0,0
8477335,2025,,0,0
8477341,2025,,0,0
8477343,2025,,0,0
8477346,2025,D,85,0.939
8477353,2025,,0,0
8477355,2025,,0,0
8477357,2025,,0,0
8477359,2025,,0,0
8477365,2025,D,53,-0.117
8477369,2025,D,76,0.114
8477380,2025,C,55,0.271
8477384,2025,,0,0
8477392,2025,,0,0
8477401,2025,C,3,-0.034
8477402,2025,L,81,1.691
8477404,2025,C,88,4.199
8477405,2025,G,1,0
8477406,2025,C,43,-0.147
8477407,2025,L,62,0.758
8477409,2025,C,77,2.151
8477416,2025,R,84,1.022
8477419,2025,L,5,-0.038
8477424,2025,G,59,0
8477425,2025,L,54,0.32
8477426,2025,L,57,0.203
8477429,2025,C,79,1.569
8477433,2025,,0,0
8477435,2025,D,22,-0.072
8477444,2025,L,75,0.767
8477446,2025,C,90,0.665
8477447,2025,D,92,1.76
8477450,2025,C,68,0.443
8477451,2025,R,87,1.475
8477454,2025,L,46,0.082
8477456,2025,L,82,0.619
8477460,2025,,0,0
8477461,2025,,0,0
8477462,2025,,0,0
8477463,2025,D,12,-0.011
8477464,2025,,0,0
8477465,2025,G,34,0
8477467,2025,,0,0
8477471,2025,,0,0
8477472,2025,,0,0
8477473,2025,,0,0
8477474,2025,,0,0
8477476,2025,L,81,2.17
8477478,2025,L,89,0.234
8477479,2025,L,79,2.377
8477480,2025,G,25,0
8477482,2025,,0,0
8477484,2025,G,6,0
8477488,2025,D,37,0.157
8477492,2025,C,93,6.669
8477493,2025,,0,0
8477494,2025,L,64,0.295
8477495,2025,D,52,1.268
8477496,2025,C,75,1.305
8477497,2025,C,78,1.224
8477498,2025,D,88,0.521
8477499,2025,D,54,0.544
8477500,2025,C,68,2.217
8477501,2025,R,84,2.202
8477503,2025,C,80,0.72
8477504,2025,D,77,2.077
8477505,2025,C,80,1.651
8477506,2025,D,76,0.742
8477507,2025,D,87,0.416
8477508,2025,C,50,0.077
8485702,2025,R,44,0.478
8477511,2025,R,87,2.561
8477512,2025,,0,0
8477520,2025,,0,0
8477527,2025,L,67,-0.112
8477541,2025,D,11,-0.023
8477573,2025,L,46,-0.094
8477631,2025,,0,0
8469455,2025,,0,0
8477810,2025,D,68,-0.113
8477831,2025,G,1,0
8477839,2025,L,62,0.291
8477845,2025,D,68,0.241
8477846,2025,,0,0
8477851,2025,D,1,-0.006
8486056,2025,C,6,0.037
8477887,2025,,0,0
8477903,2025,R,74,-0.628
8477919,2025,C,68,0.645
8477930,2025,,0,0
8477931,2025,L,21,-0.017
8477932,2025,D,72,0.621
8477933,2025,C,64,2.844
8477934,2025,C,71,4.251
8477935,2025,C,76,2.188
8477936,2025,,0,0
8477938,2025,D,38,0
8477939,2025,R,65,3.58
8477940,2025,L,100,2.833
8477941,2025,,0,0
8477942,2025,L,56,1.615
8477943,2025,,0,0
8477944,2025,,0,0
8477946,2025,C,74,2.94
8477947,2025,L,31,0.35
8477948,2025,D,91,1.267
8477949,2025,R,92,2.479
8477950,2025,D,76,1.197
8477951,2025,C,88,3.202
8477952,2025,C,21,0.084
8477953,2025,R,47,0.591
8477955,2025,L,52,1.621
8477956,2025,R,83,4.562
8477960,2025,R,85,3.25
8477962,2025,,0,0
8477964,2025,L,104,2.418
8477967,2025,G,20,0
8477968,2025,G,40,0
8477969,2025,D,82,0.037
8477970,2025,G,22,0
8477971,2025,D,3,-0.015
8486166,2025,D,2,-0.028
8477974,2025,,0,0
8486169,2025,D,1,-0.023
8477979,2025,R,6,0.024
8477981,2025,,0,0
8477986,2025,D,64,1.235
8477987,2025,C,82,0.636
8477989,2025,C,90,1.519
8477990,2025,G,2,0
8477992,2025,G,25,0
8477993,2025,C,20,-0.014
8477996,2025,C,24,-0.117
8477998,2025,L,72,0.147
8478007,2025,G,30,0
8478009,2025,G,55,0
8478010,2025,C,70,2.006
8478011,2025,,0,0
8478013,2025,D,59,0.822
8478017,2025,,0,0
8478020,2025,R,85,0.649
8478021,2025,,0,0
8478024,2025,G,22,0
8478028,2025,,0,0
8478029,2025,,0,0
8478038,2025,D,81,1.083
8478040,2025,,0,0
8478042,2025,L,73,2.641
8478043,2025,C,29,-0.223
8478046,2025,L,46,0.248
8478047,2025,L,1,2.285
8478048,2025,G,51,0
8478051,2025,,0,0
8478055,2025,D,80,0.49
8478056,2025,,0,0
8478057,2025,C,55,0.383
8478058,2025,,0,0
8478062,2025,D,3,0.049
8478067,2025,,0,0
8478074,2025,,0,0
8478075,2025,,0,0
8478078,2025,,0,0
8478099,2025,,0,0
8478104,2025,L,21,0.297
8478106,2025,,0,0
8478109,2025,L,78,1.073
8478115,2025,,0,0
8478131,2025,,0,0
8478133,2025,C,87,1.329
8478136,2025,D,86,0.247
8478146,2025,,0,0
8478147,2025,L,2,-0.014
8478173,2025,R,10,-0.087
8478178,2025,D,80,3.217
8478211,2025,L,3,-0.002
8478224,2025,,0,0
8478233,2025,L,62,0.191
8478250,2025,,0,0
8478366,2025,R,50,0.091
8478367,2025,,0,0
8478373,2025,,0,0
8478396,2025,D,93,0.803
8478397,2025,D,103,1.817
8478398,2025,L,82,4.123
8478399,2025,D,82,0.087
8478400,2025,,0,0
8478401,2025,C,84,2.53
8478402,2025,C,88,7.245
8478403,2025,C,96,4.204
8478406,2025,G,43,0
8478407,2025,D,81,1.686
8478408,2025,,0,0
8478409,2025,C,1,-0.009
8478413,2025,L,53,-0.239
8478414,2025,R,77,1.869
8478415,2025,,0,0
8478416,2025,D,68,0.108
8478420,2025,R,70,3.463
8478421,2025,L,78,0.982
8478424,2025,C,47,0.114
8478425,2025,,0,0
8478427,2025,C,98,2.963
8478430,2025,,0,0
8478431,2025,,0,0
8478432,2025,,0,0
8478434,2025,R,103,-0.429
8478435,2025,G,62,0
8478438,2025,C,88,1.431
8478439,2025,R,87,2.859
8478440,2025,C,80,1.458
8478442,2025,,0,0
8478443,2025,D,55,-0.125
8478444,2025,R,75,1.717
8478445,2025,C,81,2.78
8478446,2025,,0,0
8478447,2025,,0,0
8478449,2025,C,53,1.884
8478450,2025,D,86,0.798
8478451,2025,,0,0
8478452,2025,D,7,-0.006
8478454,2025,D,57,0.301
8478455,2025,,0,0
8478458,2025,C,75,1.11
8478460,2025,D,75,3.84
8478462,2025,C,87,0.721
8478463,2025,R,82,0.798
8478465,2025,,0,0
8478466,2025,,0,0
8478467,2025,,0,0
8478468,2025,D,80,0.17
8478469,2025,D,61,0.97
8478470,2025,G,25,0
8478472,2025,R,53,0.091
8470281,2025,,0,0
8478474,2025,L,87,1.576
8478476,2025,D,33,0.069
8478477,2025,,0,0
8478480,2025,,0,0
8478483,2025,R,103,3.659
8478485,2025,,0,0
8478486,2025,,0,0
8478491,2025,,0,0
8478493,2025,C,76,2.014
8478495,2025,,0,0
8478498,2025,L,81,2.214
8478499,2025,G,27,0
8478500,2025,D,82,0.718
8478502,2025,D,11,-0.002
8478506,2025,,0,0
8478507,2025,D,86,1.124
8478508,2025,C,91,0.202
8478512,2025,,0,0
8478519,2025,C,78,2.543
8478528,2025,,0,0
8478542,2025,C,69,0.966
8478550,2025,L,82,3.455
8478567,2025,,0,0
8478569,2025,C,73,1.254
8478585,2025,,0,0
